CycNo,YEAR,VMAX,Intensification Rate,Intensification Duration
5453.0,1951,101.85395558765934,6.07819417531175,1.2470439709504717
5459.0,1951,131.78566108961968,9.813484493888494,1.4985290847253054
5468.0,1951,82.58259885046235,6.99532590022064,0.4970439709504717
5481.0,1951,101.85395558765934,3.654884870301655,2.4970439709504717
5490.0,1951,82.58259885046235,2.611861483780586,1.4970439709504717
5495.0,1951,82.58259885046235,3.2508933749893725,0.7470439709504717
5504.0,1951,68.54011187164811,2.297218514491574,0.2470439709504717
5506.0,1951,73.1788982282047,-2.274064677752321,0.24852908472530544
5511.0,1951,101.85395558765934,2.938818503696266,2.4970439709504717
5517.0,1951,82.58259885046235,3.602202495085398,0.9985290847253054
5518.0,1951,106.76129034352222,5.030865643785058,1.9985290847253054
5521.0,1951,73.1788982282047,2.3105233127636082,0.7470439709504717
5527.0,1951,101.85395558765934,2.1511858041718344,3.282140409130079
5530.0,1951,82.58259885046235,6.5314472645649815,0.49852908472530544
5563.0,1952,68.54011187164811,6.821103929076469,0.083199726883322
5568.0,1952,92.14441805822653,9.415804885444892,0.4992712698003743
5575.0,1952,82.58259885046235,3.2508933749893725,0.7470439709504717
5583.0,1952,68.54011187164811,2.297218514491574,0.2470439709504717
5598.0,1952,142.00792037731674,9.033380532070156,1.937679077476787
5609.0,1952,101.85395558765934,8.146525571745716,0.9985290847253054
5617.0,1952,142.00792037731674,8.728369486302617,2.083199726883322
5620.0,1952,131.78566108961968,7.057818800140474,2.374147632093809
5621.0,1952,82.58259885046235,2.721801884345356,1.4970439709504717
5623.0,1952,92.14441805822653,5.924984154367765,0.9985290847253054
5636.0,1952,111.70231899326008,8.892565405048238,1.2485290847253054
5639.0,1952,142.00792037731674,7.654491932923124,2.4970439709504717
5649.0,1953,82.58259885046235,-4.474175157821385,0.20037261246761773
5664.0,1953,101.85395558765934,3.2842419892189816,1.9985290847253054
5668.0,1953,131.78566108961968,8.92885508943772,1.4992712698003743
5673.0,1953,82.58259885046235,9.318462003898691,0.24927126980037428
5679.0,1953,82.58259885046235,9.318462003898691,0.24927126980037428
5693.0,1953,92.14441805822653,1.9714163217990484,2.2485290847253054
5697.0,1953,131.78566108961968,17.78026847313274,0.6241476320938091
5704.0,1953,82.58259885046235,-2.2498207368325756,0.20037261246761773
5710.0,1953,82.58259885046235,1.1030738496141304,2.7470439709504717
5712.0,1953,111.70231899326008,6.746813566100897,1.583199726883322
5724.0,1953,131.78566108961968,1.297463695683153,6.249271269800374
5743.0,1954,82.58259885046235,7.895886071216372,0.41650938410748495
5767.0,1954,82.58259885046235,6.9411876652748585,0.583199726883322
5769.0,1954,131.78566108961968,14.558564706564823,0.9503726124676177
5774.0,1954,73.1788982282047,9.140497107354767,0.12552515087736538
5780.0,1954,111.70231899326008,9.764819196209459,0.8741476320938091
5784.0,1954,82.58259885046235,7.895886071216372,0.41650938410748495
5800.0,1954,68.54011187164811,2.297218514491574,0.2470439709504717
5805.0,1954,82.58259885046235,6.5314472645649815,0.49852908472530544
5810.0,1954,131.78566108961968,9.390664905207386,1.562740213041252
5813.0,1954,131.78566108961968,6.228501907075043,2.124147632093809
5815.0,1954,131.78566108961968,10.660483687931588,1.374147632093809
5818.0,1954,106.76129034352222,10.534718572104007,0.833199726883322
5843.0,1955,68.54011187164811,-4.523885414584895,0.2470439709504717
5858.0,1955,106.76129034352222,2.743669936702861,3.124147632093809
5864.0,1955,101.85395558765934,22.656064359403686,0.28649401529401075
5866.0,1955,101.85395558765934,8.051987471708141,0.8755251508773654
5892.0,1955,111.70231899326008,7.412480029609995,1.4985290847253054
5893.0,1955,131.78566108961968,9.231255675045976,1.666509384107485
5897.0,1955,82.58259885046235,9.709657148971578,0.333199726883322
5902.0,1955,73.1788982282047,3.2338456513175826,0.4970439709504717
5908.0,1955,68.54011187164811,-1.570092458683775e-16,0.2470439709504717
5915.0,1955,111.70231899326008,5.948731955004648,1.2490239532417036
5919.0,1955,162.7868920361645,11.630937142867305,1.7485290847253054
5951.0,1956,106.76129034352222,6.89067637052219,0.22570686964172637
5959.0,1956,131.78566108961968,5.839547122047842,2.7470439709504717
5984.0,1956,142.00792037731674,7.163294844253891,2.6255251508773654
5994.0,1956,82.58259885046235,4.894741184966797,0.8755251508773654
6002.0,1956,77.86026365043375,2.3222448691940802,1.2470439709504717
6003.0,1956,116.67611324383823,2.8038352396290978,3.9985290847253054
6013.0,1956,68.54011187164811,-1.570092458683775e-16,0.2470439709504717
6014.0,1956,121.68180402239992,7.219103225948599,1.67986849337467
6015.0,1956,92.14441805822653,5.696132752327491,1.124147632093809
6028.0,1956,77.86026365043375,0.4681365422229048,0.49852908472530544
6038.0,1956,68.54011187164811,-1.570092458683775e-16,0.2470439709504717
6053.0,1957,116.67611324383823,9.77727422088358,1.32763144808996
6070.0,1957,82.58259885046235,4.616611692769869,0.24927126980037428
6071.0,1957,101.85395558765934,6.109819891210444,1.2485290847253054
6074.0,1957,131.78566108961968,9.254667261937078,1.7485290847253054
6078.0,1957,73.1788982282047,4.616611692769871,0.24852908472530544
6084.0,1957,116.67611324383823,5.240426143571221,2.2485290847253054
6090.0,1957,82.58259885046235,1.9467149027441606,1.7485290847253054
6094.0,1957,92.14441805822653,2.9735670050901386,1.7470439709504717
6102.0,1957,73.1788982282047,-3.14018491736755e-16,0.24852908472530544
6109.0,1957,111.70231899326008,7.4241473672819325,1.4985290847253054
6113.0,1957,111.70231899326008,11.06386748422381,0.9970439709504717
6118.0,1957,121.68180402239992,6.776023673050677,1.4992712698003743
6119.0,1957,142.00792037731674,4.625436310030542,4.125525150877365
6122.0,1957,92.14441805822653,6.595930563888737,0.7492712698003743
6130.0,1958,121.68180402239992,0.6754423047252665,4.999271269800374
6163.0,1958,142.00792037731674,2.989520942184336,3.7496417329093674
6170.0,1958,82.58259885046235,4.667754863785242,0.7485290847253054
6176.0,1958,82.58259885046235,5.131633499440902,0.7470439709504717
6178.0,1958,131.78566108961968,2.6535514529303263,2.4995888897028635
6179.0,1958,111.70231899326008,5.752325872865678,1.7485290847253054
6184.0,1958,111.70231899326008,6.391457553977197,1.7470439709504717
6195.0,1958,73.1788982282047,17.87027129994362,0.06420508448354667
6199.0,1958,147.16176493515388,8.735144808267163,2.2490239532417036
6207.0,1958,131.78566108961968,8.102798526764301,1.9970439709504717
6212.0,1958,157.55181809814033,6.003648052286182,3.416509384107485
6229.0,1958,82.58259885046235,14.94752166452489,0.28649401529401075
6230.0,1958,92.14441805822653,2.170962265889871,2.166509384107485
6238.0,1958,121.68180402239992,8.258636803168251,1.4985290847253054
6242.0,1958,106.76129034352222,4.167105891109538,2.5364940152940108
6275.0,1959,106.76129034352222,3.63727206999609,2.9970439709504717
6290.0,1959,73.1788982282047,4.616611692769871,0.24852908472530544
6298.0,1959,82.58259885046235,6.5314472645649815,0.49852908472530544
6303.0,1959,92.14441805822653,9.809733427604119,0.583199726883322
6307.0,1959,73.1788982282047,3.2338456513175826,0.4970439709504717
6310.0,1959,152.3432580499006,6.793483204234994,3.1255251508773654
6314.0,1959,101.85395558765934,8.50725437905778,0.7485290847253054
6323.0,1959,147.16176493515388,6.654869063319438,2.417805704200873
6325.0,1959,147.16176493515388,23.95450687202448,0.6889063901689951
6336.0,1959,126.7185757051725,5.772016514294299,2.4985290847253054
6338.0,1959,131.78566108961968,7.084428834824859,1.7495183725332026
6345.0,1959,92.14441805822653,20.847611443354488,0.1687508550749044
6352.0,1959,131.78566108961968,5.4123272011571215,2.9985290847253054
6354.0,1959,111.70231899326008,2.6511897295636784,3.9970439709504717
6385.0,1960,106.76129034352222,8.057617792418304,0.7492712698003743
6393.0,1960,96.98130889852604,4.262749371704081,1.7485290847253054
6396.0,1960,116.67611324383823,13.037576145447053,0.8509570847163559
6399.0,1960,106.76129034352222,8.603533545305519,0.9992712698003743
6402.0,1960,68.54011187164811,2.297218514491574,0.2470439709504717
6411.0,1960,77.86026365043375,1.7143200065274977,1.4970439709504717
6415.0,1960,106.76129034352222,3.8694617385092105,2.2485290847253054
6432.0,1960,73.1788982282047,3.2338456513175826,0.4970439709504717
6436.0,1960,96.98130889852604,6.248386287548603,1.2470439709504717
6437.0,1960,92.14441805822653,3.5323160322739406,1.7470439709504717
6448.0,1960,116.67611324383823,4.820990293669249,1.7495183725332026
6453.0,1960,87.34443348543212,2.0734585930232097,1.9985290847253054
6488.0,1961,111.70231899326008,5.14845947129904,1.9985290847253054
6493.0,1961,111.70231899326008,5.914151498356224,1.7485290847253054
6522.0,1961,73.1788982282047,4.616611692769871,0.24852908472530544
6524.0,1961,77.86026365043375,5.106391820209201,0.4970439709504717
6536.0,1961,101.85395558765934,3.9303103511211894,2.2470439709504717
6543.0,1961,136.88233699238114,8.356601537812935,1.624147632093809
6545.0,1961,168.04795323708197,5.915030023573476,4.084599028639786
6554.0,1961,121.68180402239992,6.872336708451707,1.9985290847253054
6558.0,1961,162.7868920361645,9.79338740763781,2.374147632093809
6580.0,1961,111.70231899326008,9.735978670476129,0.9992712698003743
6617.0,1962,111.70231899326008,4.999752357485013,1.9985290847253054
6638.0,1962,126.7185757051725,6.288163719979394,2.2485290847253054
6641.0,1962,142.00792037731674,10.604906569451796,1.666509384107485
6645.0,1962,96.98130889852604,1.0217615341460748,2.4990239532417036
6648.0,1962,77.86026365043375,2.9192053066216426,0.9970439709504717
6652.0,1962,121.68180402239992,10.69049711679975,1.2485290847253054
6666.0,1962,82.58259885046235,5.131633499440902,0.7470439709504717
6668.0,1962,121.68180402239992,5.137174752323151,2.7470439709504717
6671.0,1962,82.58259885046235,4.667754863785243,0.7485290847253054
6675.0,1962,96.98130889852604,2.9156830987095046,2.4985290847253054
6681.0,1962,73.1788982282047,4.616611692769871,0.24852908472530544
6682.0,1962,142.00792037731674,21.078797796118813,0.7494195722320001
6684.0,1962,82.58259885046235,6.5314472645649815,0.49852908472530544
6736.0,1963,106.76129034352222,7.136548488165243,1.374147632093809
6747.0,1963,121.68180402239992,6.39432263310154,2.124147632093809
6755.0,1963,116.67611324383823,6.102416142076336,1.9985290847253054
6757.0,1963,68.54011187164811,2.297218514491574,0.2470439709504717
6761.0,1963,111.70231899326008,8.561915387142365,1.2485290847253054
6765.0,1963,106.76129034352222,4.536350620990099,1.874147632093809
6769.0,1963,82.58259885046235,5.114746704556403,0.49852908472530544
6770.0,1963,82.58259885046235,6.041259370541829,0.6241476320938091
6773.0,1963,92.14441805822653,2.4853374509005124,2.2470439709504717
6775.0,1963,116.67611324383823,5.927784633177561,2.124147632093809
6789.0,1963,131.78566108961968,12.810218376295069,1.2470439709504717
6792.0,1963,116.67611324383823,6.468280462451946,1.9970439709504717
6794.0,1963,111.70231899326008,4.825942605921641,2.2470439709504717
6797.0,1963,82.58259885046235,2.597344330070257,1.374147632093809
6817.0,1963,116.67611324383823,4.240550786204742,3.2470439709504717
6852.0,1964,68.54011187164811,2.297218514491574,0.2470439709504717
6859.0,1964,92.14441805822653,1.9342215598076355,2.374147632093809
6861.0,1964,121.68180402239992,6.076854996773491,1.6089435053363559
6864.0,1964,82.58259885046235,11.044269801564862,0.312740213041252
6870.0,1964,111.70231899326008,12.4633008443988,0.7492712698003743
6872.0,1964,116.67611324383823,7.5970543019038415,1.624147632093809
6892.0,1964,101.85395558765934,3.5497543123795947,1.124147632093809
6894.0,1964,152.3432580499006,10.266202304377611,2.124147632093809
6903.0,1964,131.78566108961968,11.845119643779475,1.2492712698003743
6911.0,1964,73.1788982282047,3.2338456513175826,0.4970439709504717
6928.0,1964,147.16176493515388,9.893994928249432,1.9985290847253054
6937.0,1964,152.3432580499006,7.597459320303669,2.9970439709504717
6985.0,1965,82.58259885046235,8.359764706872033,0.3741476320938091
6987.0,1965,101.85395558765934,9.91914132925398,0.28649401529401075
7000.0,1965,121.68180402239992,5.501170853479668,1.9985290847253054
7006.0,1965,82.58259885046235,4.667754863785242,0.7485290847253054
7007.0,1965,121.68180402239992,6.900369478911714,1.9970439709504717
7016.0,1965,131.78566108961968,15.132488345837553,0.9985290847253054
7017.0,1965,131.78566108961968,6.753771947744551,2.083199726883322
7024.0,1965,131.78566108961968,17.40790212208849,0.7485290847253054
7030.0,1965,82.58259885046235,2.232903046298022,1.0642050844835467
7033.0,1965,111.70231899326008,2.2336954802797884,3.4985290847253054
7034.0,1965,111.70231899326008,5.089509277020442,2.3004772551939823
7047.0,1965,131.78566108961968,9.028580925534849,1.833199726883322
7048.0,1965,131.78566108961968,12.542129507708413,0.9996417329093674
7052.0,1965,68.54011187164811,2.297218514491574,0.2470439709504717
7058.0,1965,116.67611324383823,3.698430957758757,2.666509384107485
7091.0,1966,68.54011187164811,-2.2740646777523206,0.2470439709504717
7096.0,1966,68.54011187164811,4.571283192243895,0.12414763209380908
7100.0,1966,152.3432580499006,20.268934314377898,0.9985290847253054
7105.0,1966,68.54011187164811,6.821103929076469,0.083199726883322
7112.0,1966,68.54011187164811,4.571283192243895,0.12414763209380908
7120.0,1966,73.1788982282047,4.5982844579689734,0.3741476320938091
7123.0,1966,73.1788982282047,0.46387863565565945,0.3741476320938091
7128.0,1966,111.70231899326008,4.051802961287079,2.4985290847253054
7129.0,1966,131.78566108961968,2.418251247812333,4.374147632093809
7138.0,1966,96.98130889852604,4.947415291212619,1.4970439709504717
7148.0,1966,82.58259885046235,3.9998127542188193,0.9970439709504717
7149.0,1966,77.86026365043375,6.470830626860595,0.3741476320938091
7162.0,1966,82.58259885046235,2.3325707813626697,1.7470439709504717
7170.0,1966,82.58259885046235,4.51579222151294,0.8741476320938091
7190.0,1966,73.1788982282047,6.748239835573703,0.1009570847163559
7210.0,1967,68.54011187164811,2.2498207368325738,0.083199726883322
7219.0,1967,101.85395558765934,7.873330737238168,0.9985290847253054
7237.0,1967,82.58259885046235,6.5314472645649815,0.49852908472530544
7272.0,1967,106.76129034352222,11.17024840667224,0.812740213041252
7274.0,1967,136.88233699238114,9.146274213916438,1.9970439709504717
7282.0,1967,92.14441805822653,2.773643454675911,2.124147632093809
7291.0,1967,77.86026365043375,2.7786598549865134,0.7470439709504717
7311.0,1967,142.00792037731674,15.183229000003083,1.166509384107485
7314.0,1967,82.58259885046235,1.9798459398938886,1.9970439709504717
7321.0,1967,121.68180402239992,9.03247568874101,1.4985290847253054
7324.0,1967,68.54011187164811,-1.570092458683775e-16,0.2470439709504717
7325.0,1967,111.70231899326008,3.8665513205510953,2.624147632093809
7327.0,1967,92.14441805822653,3.594889595037453,1.624147632093809
7365.0,1968,104.048140445494,5.3741805417911,1.6502464506047545
7367.0,1968,94.19420061023153,2.382543643210202,2.4002464506047545
7376.0,1968,104.048140445494,8.217354606736919,0.9002464506047545
7382.0,1968,123.90077428918732,8.165759735197511,1.5501412635130691
7417.0,1968,143.928555186656,5.131676344354008,3.550141263513069
7418.0,1968,133.89393606490836,8.202943845996366,1.9002464506047545
7429.0,1968,113.95131972131267,4.093593695149551,2.6502464506047545
7430.0,1968,104.048140445494,6.183617472279186,1.5501412635130691
7433.0,1968,143.928555186656,13.391033169508585,1.4002464506047545
7440.0,1968,138.90619334216976,11.013576317780636,1.6502464506047545
7443.0,1968,84.3929669701379,5.267485148752273,0.8001412635130691
7446.0,1968,74.64855907561693,2.8981490784841686,0.5501412635130691
7448.0,1968,113.95131972131267,3.2679323974899614,3.266777326381998
7451.0,1968,64.9659686998859,2.4081181651648675,0.050141263513069134
7455.0,1968,99.11481220489199,9.740456611213123,0.6502464506047545
7459.0,1968,64.9659686998859,-2.39916871336808,0.050141263513069134
7460.0,1968,113.95131972131267,8.388006003342714,1.3001412635130691
7474.0,1969,79.51337146828183,5.327468096584726,0.5501412635130691
7498.0,1969,99.11481220489199,5.399207792618076,1.4002464506047545
7510.0,1969,64.9659686998859,-3.14018491736755e-16,0.050141263513069134
7513.0,1969,123.90077428918732,7.0056688583671995,2.0251173043216113
7521.0,1969,64.9659686998859,2.4081181651648675,0.050141263513069134
7526.0,1969,79.51337146828183,5.327468096584726,0.5501412635130691
7551.0,1969,143.928555186656,5.7554668616609055,3.183610703323211
7570.0,1969,99.11481220489199,6.086760546883327,1.2751173043216113
7575.0,1969,108.99377077526438,3.285449054543519,2.7751173043216113
7578.0,1969,99.11481220489199,2.765780145072118,3.0251173043216113
7581.0,1969,104.048140445494,2.4545150983758295,3.850347242121643
7610.0,1970,113.95131972131267,6.042540099299029,1.683610703323211
7637.0,1970,133.89393606490836,9.015793481610592,1.9002464506047545
7665.0,1970,99.11481220489199,5.119525282519896,1.5501412635130691
7668.0,1970,128.89203908905057,4.911856898293293,2.9002464506047545
7676.0,1970,104.048140445494,2.6440983362876,2.933610703323211
7679.0,1970,79.51337146828183,3.279845515596,1.0251173043216113
7698.0,1970,143.928555186656,7.559950644378416,2.050141263513069
7707.0,1970,94.19420061023153,4.396896950452976,1.3001412635130691
7712.0,1970,143.928555186656,8.879432135269191,1.7751173043216113
7714.0,1970,123.90077428918732,4.741255206995775,2.7751173043216113
7727.0,1970,128.89203908905057,5.3815166270606145,2.7751173043216113
7773.0,1971,84.3929669701379,4.332067472729268,1.0501412635130691
7775.0,1971,69.7991825741115,1.9281922865214796,0.30014126351306913
7776.0,1971,143.928555186656,12.728252335051607,1.350347242121643
7781.0,1971,84.3929669701379,10.62510883832489,0.26677732638199814
7786.0,1971,69.7991825741115,-6.2803698347351e-16,0.10034724212164292
7792.0,1971,118.92043135627084,8.976763677634368,1.350347242121643
7800.0,1971,79.51337146828183,2.9013089303280992,0.6502464506047545
7802.0,1971,123.90077428918732,7.729605569883121,1.8001412635130691
7804.0,1971,74.64855907561693,6.736411380621694,0.26677732638199814
7807.0,1971,143.928555186656,7.4772938976489645,2.7751173043216113
7810.0,1971,79.51337146828183,4.844146709162167,0.6502464506047545
7822.0,1971,84.3929669701379,2.171552082415388,2.300141263513069
7826.0,1971,94.19420061023153,0.638490568265367,7.1502464506047545
7834.0,1971,94.19420061023153,8.266906428477728,0.6502464506047545
7837.0,1971,133.89393606490836,8.470076829152806,1.850347242121643
7842.0,1971,69.7991825741115,-2.3899958942594326,0.30014126351306913
7851.0,1971,133.89393606490836,7.830077647904315,2.050141263513069
7854.0,1971,64.9659686998859,2.4081181651648675,0.050141263513069134
7859.0,1971,94.19420061023153,5.213374623958175,1.1502464506047545
7878.0,1971,148.96078053724708,17.27410654969162,1.0501412635130691
7896.0,1972,113.95131972131267,12.69155106920984,0.5501412635130691
7925.0,1972,99.11481220489199,4.7142830849303925,1.6502464506047545
7938.0,1972,113.95131972131267,6.281079703243041,1.6502464506047545
7939.0,1972,138.90619334216976,6.562371810751912,2.6502464506047545
7944.0,1972,118.92043135627084,6.4551158298598095,2.0251173043216113
7950.0,1972,84.3929669701379,3.981868450181319,1.0501412635130691
7957.0,1972,128.89203908905057,3.733797458713135,4.050141263513069
7972.0,1972,69.7991825741115,4.824725102277662,0.1502464506047545
7976.0,1972,69.7991825741115,4.824725102277662,0.1502464506047545
7978.0,1972,94.19420061023153,2.3366065986527493,2.016777326381998
7987.0,1972,69.7991825741115,4.824725102277662,0.1502464506047545
7993.0,1972,108.99377077526438,3.4612304385558916,2.3254034684214275
7995.0,1972,99.11481220489199,4.603263767708742,1.7751173043216113
8001.0,1972,99.11481220489199,5.224069881051512,1.4002464506047545
8007.0,1972,104.048140445494,6.434614187865301,1.0501412635130691
8015.0,1972,74.64855907561693,4.344370476709928,0.6003472421216429
8077.0,1973,70.00000104308128,1.4285714498588016,1.0500000476822606
8082.0,1973,130.00000193715096,11.785714461335113,1.1500000238447683
8083.0,1973,85.0000012665987,5.428571509463447,0.8000000476822606
8086.0,1973,105.00000156462193,6.904762007650877,1.2666666825607535
8095.0,1973,70.00000104308128,3.5000000521540633,0.30000004768226063
8096.0,1973,85.0000012665987,3.63095243505779,1.3000000476822606
8109.0,1973,75.00000111758709,5.000000074505808,0.5250000238447683
8114.0,1973,80.00000119209291,6.500000096857552,0.4333333492249949
8125.0,1973,160.00000238418582,9.493007134463818,2.4000000238447683
8126.0,1973,75.00000111758709,3.000000044703484,0.5500000476822606
8128.0,1973,140.00000208616257,9.939394087502453,1.8000000476822606
8190.0,1974,80.00000119209291,5.500000081956391,0.5500000476822606
8194.0,1974,70.00000104308128,3.5000000521540633,0.30000004768226063
8204.0,1974,90.00000134110451,2.3601398953086834,2.3000000476822606
8218.0,1974,65.00000096857548,-3.14018491736755e-16,0.05000004768226063
8226.0,1974,70.00000104308128,2.000000029802322,0.30000004768226063
8240.0,1974,95.00000141561031,5.000000074505807,1.4000000238447683
8247.0,1974,75.00000111758709,3.142857189689364,0.8000000476822606
8254.0,1974,75.00000111758709,2.5000000372529048,1.2750000238447683
8261.0,1974,105.00000156462193,2.8392857565943683,3.0500000476822606
8267.0,1974,65.00000096857548,2.500000037252902,0.05000004768226063
8273.0,1974,90.00000134110451,2.252747286315803,2.5500000476822606
8275.0,1974,95.00000141561031,5.297619126559725,1.3000000476822606
8280.0,1974,120.00000178813934,3.6263736804108033,2.5500000476822606
8284.0,1974,115.00000171363355,4.417582483409525,2.8000000476822606
8305.0,1975,70.00000104308128,2.000000029802322,0.30000004768226063
8356.0,1975,135.00000201165676,14.000000208616258,0.9333333492249949
8362.0,1975,80.00000119209291,1.9642857435558536,1.3000000476822606
8363.0,1975,65.00000096857548,2.500000037252902,0.05000004768226063
8364.0,1975,120.00000178813934,9.166666803260648,1.3500000158965122
8378.0,1975,95.00000141561031,5.714285799435208,1.2750000238447683
8384.0,1975,65.00000096857548,2.500000037252902,0.05000004768226063
8389.0,1975,75.00000111758709,7.000000104308128,0.2750000238447683
8390.0,1975,95.00000141561031,4.6666667362054195,1.5500000476822606
8398.0,1975,105.00000156462193,6.666666766007744,1.4000000238447683
8402.0,1975,135.00000201165676,16.714285963347983,0.9333333492249949
8403.0,1975,70.00000104308128,3.5000000521540633,0.30000004768226063
8419.0,1975,85.0000012665987,4.285714349576407,0.9000000238447683
8422.0,1975,160.00000238418582,11.045454710044648,2.0500000476822606
8443.0,1976,80.00000119209291,3.5714286246470044,1.0250000238447683
8465.0,1976,115.00000171363355,2.4153846513766504,5.550000047682261
8479.0,1976,130.00000193715096,5.357142936970507,3.0500000476822606
8490.0,1976,115.00000171363355,7.333333442608517,1.5500000476822606
8493.0,1976,135.00000201165676,12.2023811342106,1.3000000476822606
8497.0,1976,65.00000096857548,5.000000074505807,0.025000023844768293
8505.0,1976,125.00000186264515,7.939394057700129,1.8000000476822606
8527.0,1976,130.00000193715096,11.726190650924332,1.3000000476822606
8534.0,1976,75.00000111758709,2.5000000372529025,1.0500000476822606
8535.0,1976,70.00000104308128,2.000000029802322,0.30000004768226063
8537.0,1976,70.00000104308128,3.5000000521540633,0.30000004768226063
8553.0,1976,140.00000208616257,11.583333505938453,1.5500000476822606
8612.0,1977,75.00000111758709,5.000000074505806,0.4000000238447683
8614.0,1977,85.0000012665987,4.464285780808755,1.0500000476822606
8617.0,1977,110.00000163912772,6.833333435157933,1.5250000238447683
8632.0,1977,130.00000193715096,7.9545455730774215,2.0500000476822606
8639.0,1977,75.00000111758709,2.5000000372529025,1.0500000476822606
8658.0,1977,90.00000134110451,4.523809591219541,1.3000000476822606
8663.0,1977,65.00000096857548,2.500000037252902,0.05000004768226063
8664.0,1977,125.00000186264515,7.969697088454712,1.7750000238447683
8670.0,1977,115.00000171363355,9.166666803260648,1.2750000238447683
8674.0,1977,95.00000141561031,2.335164869961503,2.6500000238447683
8707.0,1978,85.0000012665987,5.571428654449328,0.8000000476822606
8724.0,1978,70.00000104308128,0.9166666803260648,1.5500000476822606
8729.0,1978,80.00000119209291,1.9696969990477433,1.8000000476822606
8736.0,1978,80.00000119209291,2.416666702677808,1.5500000476822606
8743.0,1978,65.00000096857548,-2.500000037252906,0.05000004768226063
8749.0,1978,105.00000156462193,7.559523922169494,1.3000000476822606
8761.0,1978,90.00000134110451,4.583333401630324,1.3000000476822606
8763.0,1978,65.00000096857548,-3.14018491736755e-16,0.05000004768226063
8770.0,1978,75.00000111758709,2.0238095539666365,1.3000000476822606
8773.0,1978,70.00000104308128,3.5000000521540633,0.30000004768226063
8777.0,1978,85.0000012665987,3.2738095725930902,1.3000000476822606
8782.0,1978,95.00000141561031,7.428571539265768,0.9000000238447683
8784.0,1978,150.00000223517418,5.720588320537521,3.433333349224995
8796.0,1978,125.00000186264515,10.595238253119451,1.3000000476822606
8806.0,1979,110.00000163912772,4.2032967659307054,2.5500000476822606
8825.0,1979,90.00000134110451,4.107142918344056,1.4000000238447683
8833.0,1979,80.00000119209291,3.3928571934146556,1.0250000238447683
8848.0,1979,85.0000012665987,6.000000089406971,0.5500000476822606
8859.0,1979,130.00000193715096,7.772727388549939,2.0166666825607535
8866.0,1979,90.00000134110451,2.909090952439743,2.0500000476822606
8869.0,1979,135.00000201165676,7.9090910269455525,2.137500011922384
8881.0,1979,90.00000134110451,3.7878788443225813,1.7666666825607535
8886.0,1979,70.00000104308128,3.5000000521540633,0.30000004768226063
8891.0,1979,110.00000163912772,9.107142992849855,1.1500000238447683
8895.0,1979,110.00000163912772,3.131868178536603,2.933333349224995
8897.0,1979,165.0000024586916,9.450549591373612,2.683333349224995
8904.0,1979,140.00000208616257,13.869047825712537,1.3000000476822606
8912.0,1979,110.00000163912772,3.8461539034660035,2.6500000238447683
8953.0,1980,90.00000134110451,4.821428643273456,1.0500000476822606
8954.0,1980,110.00000163912772,9.464285855314555,1.0500000476822606
8965.0,1980,105.00000156462193,4.642857212041106,1.0500000476822606
8970.0,1980,130.00000193715096,10.892857305173367,1.3000000476822606
8972.0,1980,80.00000119209291,1.3186813383312017,2.8000000476822606
8976.0,1980,110.00000163912772,13.500000201165673,0.6833333492249949
8983.0,1980,90.00000134110451,1.8571428848164429,0.9000000238447683
8988.0,1980,85.0000012665987,1.5151515377290325,1.8000000476822606
8993.0,1980,65.00000096857548,-2.500000037252906,0.05000004768226063
8994.0,1980,65.00000096857548,2.500000037252902,0.05000004768226063
8995.0,1980,125.00000186264515,9.000000134110453,1.5250000238447683
9000.0,1980,105.00000156462193,5.333333412806192,1.8000000476822606
9009.0,1980,125.00000186264515,2.779220820634396,4.650000023844768
9017.0,1980,100.00000149011612,7.857142974223409,1.0250000238447683
9053.0,1981,100.00000149011612,5.750000085681677,1.5500000476822606
9069.0,1981,65.00000096857548,2.500000037252902,0.05000004768226063
9070.0,1981,75.00000111758709,3.714285769632885,0.7750000238447683
9072.0,1981,75.00000111758709,5.500000081956385,0.30000004768226063
9084.0,1981,65.00000096857548,-6.2803698347351e-16,0.025000023844768293
9098.0,1981,85.0000012665987,4.107142918344057,1.2750000238447683
9101.0,1981,95.00000141561031,4.090909151868387,1.8000000476822606
9105.0,1981,85.0000012665987,7.000000104308129,0.5500000476822606
9110.0,1981,120.00000178813934,8.166666788359484,1.6500000238447683
9112.0,1981,80.00000119209291,4.285714349576409,0.8000000476822606
9116.0,1981,150.00000223517418,8.954545587978583,2.183333349224995
9123.0,1981,95.00000141561031,2.802197843953803,2.5500000476822606
9132.0,1981,100.00000149011612,8.428571554166929,0.8000000476822606
9134.0,1981,135.00000201165676,9.78787893372955,1.7750000238447683
9141.0,1981,115.00000171363355,3.058823574991786,3.3000000476822606
9146.0,1981,95.00000141561031,5.119047695327375,1.2750000238447683
9170.0,1982,75.00000111758709,2.000000029802322,0.4000000238447683
9176.0,1982,105.00000156462193,7.738095353401847,1.2750000238447683
9184.0,1982,75.00000111758709,2.5000000372529025,1.0500000476822606
9197.0,1982,140.00000208616257,3.31818186762658,4.550000047682261
9198.0,1982,120.00000178813934,3.498452064514898,3.8000000476822606
9202.0,1982,125.00000186264515,8.181818303736774,1.7750000238447683
9204.0,1982,80.00000119209291,7.500000111758714,0.30000004768226063
9207.0,1982,90.00000134110451,3.363636413758452,1.7750000238447683
9208.0,1982,125.00000186264515,5.906593494608507,2.5500000476822606
9209.0,1982,100.00000149011612,5.000000074505808,1.7750000238447683
9214.0,1982,90.00000134110451,3.500000052154065,1.5500000476822606
9215.0,1982,90.00000134110451,4.583333401630324,1.3000000476822606
9220.0,1982,110.00000163912772,6.2500000931322575,1.5166666825607535
9229.0,1982,140.00000208616257,9.121212257128775,1.9000000238447683
9232.0,1982,115.00000171363355,7.857142974223412,1.3000000476822606
9233.0,1982,105.00000156462193,4.772727343846454,2.0500000476822606
9245.0,1982,100.00000149011612,5.250000078231097,1.5500000476822606
9247.0,1982,65.00000096857548,2.500000037252902,0.05000004768226063
9281.0,1983,65.00000096857548,-3.14018491736755e-16,0.05000004768226063
9285.0,1983,135.00000201165676,13.392857342426264,1.0250000238447683
9290.0,1983,145.00000216066837,10.500000156462194,2.0250000238447683
9302.0,1983,125.00000186264515,4.681318751075765,2.8000000476822606
9308.0,1983,150.00000223517418,15.119047844338988,1.3000000476822606
9317.0,1983,65.00000096857548,2.500000037252902,0.05000004768226063
9318.0,1983,65.00000096857548,2.500000037252902,0.05000004768226063
9323.0,1983,70.00000104308128,2.000000029802322,0.30000004768226063
9325.0,1983,145.00000216066837,10.136363787407227,2.0166666825607535
9332.0,1983,125.00000186264515,3.5655315288787515,3.8000000476822606
9334.0,1983,70.00000104308128,2.000000029802322,0.30000004768226063
9390.0,1984,90.00000134110451,8.500000126659872,0.5500000476822606
9393.0,1984,125.00000186264515,4.017857202727879,3.1500000238447683
9395.0,1984,100.00000149011612,3.4615385131194034,2.3000000476822606
9403.0,1984,75.00000111758709,1.750000026077032,1.5500000476822606
9423.0,1984,75.00000111758709,1.428571449858802,1.3000000476822606
9435.0,1984,70.00000104308128,2.5000000372529017,0.1500000238447683
9436.0,1984,80.00000119209291,5.500000081956391,0.5500000476822606
9442.0,1984,120.00000178813934,8.750000130385162,1.5250000238447683
9443.0,1984,65.00000096857548,2.500000037252902,0.05000004768226063
9445.0,1984,155.00000230968,8.571428699152811,2.6500000238447683
9448.0,1984,120.00000178813934,4.667832237388287,2.3000000476822606
9451.0,1984,130.00000193715096,4.334365389664475,3.8000000476822606
9454.0,1984,110.00000163912772,6.090909181670708,1.8000000476822606
9458.0,1984,125.00000186264515,6.0839161745734955,2.2750000238447683
9501.0,1985,100.00000149011612,6.845238197240094,1.2750000238447683
9507.0,1985,100.00000149011612,2.758241799342764,2.762500011922384
9509.0,1985,90.00000134110451,3.121212167721807,1.8000000476822606
9518.0,1985,75.00000111758709,1.8452381227342862,1.3000000476822606
9525.0,1985,85.0000012665987,2.227272760461678,2.0500000476822606
9531.0,1985,70.00000104308128,2.500000037252903,0.5500000476822606
9532.0,1985,95.00000141561031,2.538461576287563,2.8000000476822606
9533.0,1985,90.00000134110451,2.7797203211413386,2.2750000238447683
9538.0,1985,95.00000141561031,3.0069930518006935,2.3000000476822606
9558.0,1985,90.00000134110451,3.8333333904544515,1.5500000476822606
9559.0,1985,70.00000104308128,3.5000000521540664,0.2750000238447683
9562.0,1985,100.00000149011612,5.416666747381291,1.5500000476822606
9565.0,1985,150.00000223517418,11.636363809758969,1.8000000476822606
9568.0,1985,100.00000149011612,5.833333420256775,1.3000000476822606
9579.0,1985,100.00000149011612,6.607142955596961,1.3000000476822606
9595.0,1986,85.0000012665987,1.7857143123235022,1.0500000476822606
9618.0,1986,90.00000134110451,5.428571509463447,0.9000000238447683
9621.0,1986,150.00000223517418,11.000000163912773,1.8000000476822606
9626.0,1986,80.00000119209291,2.857142899717605,1.0250000238447683
9632.0,1986,140.00000208616257,6.510989108010308,2.6500000238447683
9634.0,1986,85.0000012665987,3.0000000447034854,1.5500000476822606
9645.0,1986,65.00000096857548,2.500000037252902,0.05000004768226063
9648.0,1986,80.00000119209291,5.500000081956393,0.5500000476822606
9649.0,1986,110.00000163912772,5.681818266483871,2.0250000238447683
9661.0,1986,95.00000141561031,3.1818182292309665,2.3000000476822606
9664.0,1986,120.00000178813934,7.666666780908903,1.6500000238447683
9668.0,1986,100.00000149011612,5.333333412806192,1.5500000476822606
9671.0,1986,80.00000119209291,4.285714349576409,0.8000000476822606
9672.0,1986,110.00000163912772,8.035714405455758,1.0500000476822606
9684.0,1986,135.00000201165676,4.98774517236241,3.5500000476822606
9687.0,1986,95.00000141561031,1.6460268563130567,3.7750000238447683
9690.0,1986,90.00000134110451,3.6060606597950975,1.8000000476822606
9695.0,1987,95.00000141561031,7.857142974223412,0.7750000238447683
9728.0,1987,75.00000111758709,3.8571429146187657,0.7750000238447683
9732.0,1987,130.00000193715096,7.818181934681805,1.9000000238447683
9733.0,1987,65.00000096857548,2.500000037252902,0.05000004768226063
9735.0,1987,125.00000186264515,6.608391706864315,2.3000000476822606
9736.0,1987,65.00000096857548,2.500000037252902,0.05000004768226063
9742.0,1987,140.00000208616257,13.154762100783135,1.2750000238447683
9743.0,1987,85.0000012665987,1.9405594694760298,2.3000000476822606
9751.0,1987,130.00000193715096,8.545454672791742,1.8000000476822606
9757.0,1987,140.00000208616257,6.000000089406968,3.0250000238447683
9758.0,1987,105.00000156462193,5.3636364435607735,1.8000000476822606
9760.0,1987,125.00000186264515,4.735294188208437,3.3000000476822606
9771.0,1987,110.00000163912772,8.392857267920457,1.1500000238447683
9777.0,1987,95.00000141561031,2.071078462234023,3.5500000476822606
9780.0,1987,140.00000208616257,8.7727274034511,2.0500000476822606
9787.0,1987,145.00000216066837,4.464912347234131,4.050000047682261
9798.0,1988,115.00000171363355,10.357143011476312,1.0500000476822606
9816.0,1988,80.00000119209291,3.035714330949954,1.0500000476822606
9822.0,1988,70.00000104308128,3.5000000521540633,0.30000004768226063
9828.0,1988,115.00000171363355,4.877622450304614,2.3000000476822606
9845.0,1988,115.00000171363355,12.85714304872922,0.8500000158965122
9855.0,1988,75.00000111758709,2.5000000372529025,1.0500000476822606
9863.0,1988,105.00000156462193,9.857143004025733,0.9000000238447683
9880.0,1988,140.00000208616257,9.27272741090168,2.0250000238447683
9882.0,1988,90.00000134110451,5.595238178613641,1.2625000119223841
9886.0,1988,75.00000111758709,7.000000104308128,0.2750000238447683
9892.0,1988,65.00000096857548,7.500000111758706,0.016666682560753543
9894.0,1988,125.00000186264515,7.878787996190967,1.7750000238447683
9937.0,1989,140.00000208616257,11.416666836788258,1.6500000238447683
9942.0,1989,75.00000111758709,7.000000104308128,0.2750000238447683
9943.0,1989,75.00000111758709,3.000000044703484,0.5500000476822606
9946.0,1989,100.00000149011612,9.00000013411045,0.8000000476822606
9959.0,1989,140.00000208616257,10.000000149011614,1.8000000476822606
9968.0,1989,95.00000141561031,8.571428699152811,0.7750000238447683
9973.0,1989,80.00000119209291,4.000000059604647,0.6500000238447683
9976.0,1989,75.00000111758709,4.000000059604646,0.5500000476822606
9977.0,1989,75.00000111758709,5.000000074505808,0.5250000238447683
10002.0,1989,65.00000096857548,5.000000074505807,0.025000023844768293
10008.0,1989,130.00000193715096,2.727272767912257,4.512500011922384
10009.0,1989,80.00000119209291,2.3214286060205547,1.3000000476822606
10010.0,1989,80.00000119209291,4.285714349576408,0.7750000238447683
10015.0,1989,140.00000208616257,6.153846245545608,2.6500000238447683
10019.0,1989,95.00000141561031,2.802197843953803,2.5500000476822606
10021.0,1989,95.00000141561031,12.500000186264515,0.7625000119223841
10023.0,1989,90.00000134110451,8.500000126659872,0.5500000476822606
10024.0,1989,140.00000208616257,9.787878933729548,1.8000000476822606
10031.0,1989,125.00000186264515,8.48484861128258,1.7750000238447683
10034.0,1990,75.00000111758709,2.4285714647599628,0.8000000476822606
10060.0,1990,90.00000134110451,8.500000126659872,0.5500000476822606
10071.0,1990,90.00000134110451,2.909090952439743,2.0500000476822606
10073.0,1990,115.00000171363355,6.727272827516904,1.8000000476822606
10086.0,1990,115.00000171363355,10.357143011476312,1.0500000476822606
10089.0,1990,95.00000141561031,5.119047695327375,1.3000000476822606
10093.0,1990,65.00000096857548,2.500000037252902,0.05000004768226063
10095.0,1990,90.00000134110451,3.8333333904544515,1.5500000476822606
10099.0,1990,100.00000149011612,6.190476282721477,1.3000000476822606
10105.0,1990,90.00000134110451,2.6398601791971212,2.3000000476822606
10109.0,1990,75.00000111758709,3.142857189689364,0.8000000476822606
10113.0,1990,90.00000134110451,2.032967063260603,2.7750000238447683
10114.0,1990,145.00000216066837,8.951049084429972,2.3000000476822606
10119.0,1990,80.00000119209291,3.5714286246470066,1.0500000476822606
10125.0,1990,90.00000134110451,5.357142936970505,1.0500000476822606
10134.0,1990,90.00000134110451,6.7142858143363675,0.8000000476822606
10142.0,1990,140.00000208616257,7.902098019848334,2.4000000238447683
10143.0,1990,150.00000223517418,10.848485010139873,1.8500000158965122
10146.0,1990,140.00000208616257,1.226923095205655,5.550000007948256
10151.0,1990,125.00000186264515,5.879120966726607,2.5500000476822606
10166.0,1991,70.00000104308128,1.500000022351742,0.5500000476822606
10174.0,1991,140.00000208616257,4.507353008341261,3.4000000238447683
10187.0,1991,80.00000119209291,3.500000052154066,0.5500000476822606
10190.0,1991,125.00000186264515,10.595238253119451,1.3000000476822606
10193.0,1991,95.00000141561031,3.4265734776333483,2.3000000476822606
10199.0,1991,95.00000141561031,5.476190557792075,1.3000000476822606
10201.0,1991,85.0000012665987,3.6904762454685724,1.3000000476822606
10203.0,1991,65.00000096857548,2.500000037252902,0.05000004768226063
10210.0,1991,115.00000171363355,5.786713372942034,2.2750000238447683
10214.0,1991,90.00000134110451,7.42857153926577,0.7750000238447683
10217.0,1991,130.00000193715096,2.2588522925117815,6.025000023844768
10220.0,1991,110.00000163912772,8.928571561617504,1.1500000238447683
10225.0,1991,125.00000186264515,10.29761920106553,1.4000000238447683
10226.0,1991,115.00000171363355,7.50000011175871,1.5500000476822606
10232.0,1991,145.00000216066837,10.454545610330323,1.9000000238447683
10237.0,1991,130.00000193715096,11.4880954092812,1.3000000476822606
10247.0,1991,150.00000223517418,8.241758364570009,2.5250000238447683
10249.0,1991,80.00000119209291,3.392857193414656,1.0500000476822606
10256.0,1992,70.00000104308128,3.5000000521540633,0.30000004768226063
10291.0,1992,120.00000178813934,8.750000130385162,1.5250000238447683
10298.0,1992,75.00000111758709,2.500000037252903,0.30000004768226063
10304.0,1992,65.00000096857548,2.500000037252902,0.05000004768226063
10311.0,1992,115.00000171363355,8.452381078331246,1.4000000238447683
10312.0,1992,80.00000119209291,-3.5000000521540624,0.4000000238447683
10314.0,1992,130.00000193715096,3.0321852512813297,4.775000023844768
10323.0,1992,130.00000193715096,6.021978111712487,2.8000000476822606
10328.0,1992,115.00000171363355,2.8506493931273353,4.550000047682261
10332.0,1992,110.00000163912772,3.241758290064203,2.9000000238447683
10336.0,1992,65.00000096857548,2.500000037252902,0.05000004768226063
10346.0,1992,95.00000141561031,1.1642157036226755,3.6500000238447683
10352.0,1992,155.00000230968,4.0964912891126515,4.150000023844768
10358.0,1992,90.00000134110451,5.535714368202856,1.0500000476822606
10361.0,1992,80.00000119209291,5.500000081956391,0.5500000476822606
10362.0,1992,95.00000141561031,4.242424305641291,1.8000000476822606
10366.0,1992,110.00000163912772,8.035714405455762,1.3000000476822606
10368.0,1992,145.00000216066837,4.463579964875031,4.800000047682261
10373.0,1992,160.00000238418582,6.122807108780795,4.025000023844768
10374.0,1992,125.00000186264515,7.136363742703746,2.0500000476822606
10416.0,1993,130.00000193715096,10.000000149011614,1.5500000476822606
10421.0,1993,85.0000012665987,7.000000104308129,0.5500000476822606
10426.0,1993,70.00000104308128,5.000000074505804,0.1500000238447683
10428.0,1993,65.00000096857548,-3.14018491736755e-16,0.05000004768226063
10429.0,1993,120.00000178813934,3.6274510344453903,3.5500000476822606
10430.0,1993,65.00000096857548,2.500000037252902,0.05000004768226063
10435.0,1993,80.00000119209291,3.392857193414656,1.0500000476822606
10438.0,1993,80.00000119209291,4.285714349576409,0.8000000476822606
10444.0,1993,130.00000193715096,9.166666803260648,1.5500000476822606
10448.0,1993,110.00000163912772,4.31818188252774,2.4000000238447683
10451.0,1993,65.00000096857548,-3.14018491736755e-16,0.05000004768226063
10453.0,1993,80.00000119209291,4.000000059604647,0.6500000238447683
10455.0,1993,100.00000149011612,7.857142974223409,1.0250000238447683
10456.0,1993,140.00000208616257,5.821428658174616,3.0250000238447683
10457.0,1993,70.00000104308128,2.000000029802322,0.30000004768226063
10465.0,1993,120.00000178813934,8.750000130385162,1.5250000238447683
10473.0,1993,95.00000141561031,6.571428669350488,0.8000000476822606
10477.0,1993,120.00000178813934,6.272727366198193,1.8000000476822606
10480.0,1993,70.00000104308128,1.500000022351742,0.5500000476822606
10510.0,1994,75.00000111758709,3.142857189689364,0.8000000476822606
10515.0,1994,90.00000134110451,4.583333401630324,1.3000000476822606
10525.0,1994,125.00000186264515,8.333333457509676,1.7750000238447683
10528.0,1994,65.00000096857548,2.500000037252902,0.05000004768226063
10529.0,1994,130.00000193715096,8.303030426755097,1.8000000476822606
10540.0,1994,140.00000208616257,9.000000134110453,2.0250000238447683
10542.0,1994,80.00000119209291,1.863636391406711,2.0500000476822606
10548.0,1994,130.00000193715096,5.19642864886139,3.0500000476822606
10553.0,1994,75.00000111758709,4.000000059604646,0.5500000476822606
10557.0,1994,85.0000012665987,3.63095243505779,1.3000000476822606
10563.0,1994,135.00000201165676,9.181818318637935,1.8000000476822606
10566.0,1994,135.00000201165676,6.5054946024339255,2.8000000476822606
10569.0,1994,95.00000141561031,7.428571539265768,0.9000000238447683
10578.0,1994,120.00000178813934,7.06060616581729,1.8000000476822606
10581.0,1994,115.00000171363355,2.9205366792263012,3.8000000476822606
10582.0,1994,80.00000119209291,4.285714349576409,0.8000000476822606
10583.0,1994,125.00000186264515,8.33333345750968,1.7750000238447683
10586.0,1994,135.00000201165676,5.285714364477566,3.0500000476822606
10594.0,1994,115.00000171363355,6.333333427707355,1.8000000476822606
10630.0,1995,105.00000156462193,3.983516542875504,2.5500000476822606
10635.0,1995,65.00000096857548,2.500000037252902,0.05000004768226063
10639.0,1995,70.00000104308128,-2.5000000372529025,0.30000004768226063
10646.0,1995,65.00000096857548,2.500000037252902,0.05000004768226063
10652.0,1995,130.00000193715096,6.11888121005955,2.3000000476822606
10655.0,1995,95.00000141561031,6.4285715243646075,1.0500000476822606
10659.0,1995,140.00000208616257,10.484848641084906,1.7750000238447683
10660.0,1995,90.00000134110451,8.000000119209291,0.6500000238447683
10665.0,1995,130.00000193715096,6.428571524364607,2.5500000476822606
10674.0,1995,75.00000111758709,5.000000074505808,0.5250000238447683
10679.0,1995,140.00000208616257,10.090909241275355,1.7750000238447683
10680.0,1995,65.00000096857548,-3.14018491736755e-16,0.05000004768226063
10681.0,1995,155.00000230968,4.3859649776366725,4.050000047682261
10729.0,1996,125.00000186264515,9.166666803260647,1.5500000476822606
10740.0,1996,75.00000111758709,2.5000000372529025,1.0500000476822606
10744.0,1996,140.00000208616257,11.250000167638069,1.5250000238447683
10745.0,1996,90.00000134110451,6.7142858143363675,0.8000000476822606
10746.0,1996,90.00000134110451,10.50000015646219,0.4333333492249949
10747.0,1996,140.00000208616257,2.9652174354895298,5.275000023844768
10749.0,1996,75.00000111758709,5.000000074505808,0.5250000238447683
10752.0,1996,95.00000141561031,1.2368421236935412,4.300000047682261
10757.0,1996,95.00000141561031,4.16666672875484,1.5250000238447683
10758.0,1996,115.00000171363355,10.892857305173363,1.0250000238447683
10762.0,1996,65.00000096857548,2.500000037252902,0.05000004768226063
10769.0,1996,140.00000208616257,11.083333498487873,1.5166666825607535
10773.0,1996,75.00000111758709,3.142857189689364,0.8000000476822606
10774.0,1996,130.00000193715096,6.2087913013094065,2.512500011922384
10778.0,1996,65.00000096857548,5.000000074505807,0.025000023844768293
10779.0,1996,130.00000193715096,6.606060704498578,1.910000009534997
10781.0,1996,110.00000163912772,3.681318736174604,2.575000011922384
10787.0,1996,90.00000134110451,5.357142936970505,1.0500000476822606
10794.0,1996,105.00000156462193,8.392857267920458,1.0500000476822606
10801.0,1996,140.00000208616257,5.464285795709916,3.0500000476822606
10815.0,1996,80.00000119209291,4.285714349576409,0.8000000476822606
10845.0,1997,145.00000216066837,3.2320744871326528,6.300000047682261
10853.0,1997,90.00000134110451,3.9166667250295495,1.5250000238447683
10855.0,1997,140.00000208616257,8.727272857319228,2.0250000238447683
10861.0,1997,90.00000134110451,9.500000141561035,0.5250000238447683
10872.0,1997,140.00000208616257,10.250000152736904,1.6500000238447683
10878.0,1997,90.00000134110451,3.242424290740129,1.8000000476822606
10880.0,1997,65.00000096857548,-5.000000074505806,0.05000004768226063
10884.0,1997,140.00000208616257,8.590909218923617,2.0250000238447683
10885.0,1997,65.00000096857548,2.500000037252902,0.05000004768226063
10889.0,1997,110.00000163912772,1.9911067490373904,5.050000047682261
10893.0,1997,135.00000201165676,9.333333472410837,1.8000000476822606
10896.0,1997,140.00000208616257,11.583333505938453,1.5500000476822606
10900.0,1997,95.00000141561031,6.428571524364607,1.0500000476822606
10904.0,1997,75.00000111758709,7.000000104308128,0.2750000238447683
10907.0,1997,145.00000216066837,12.16666684796413,1.5500000476822606
10915.0,1997,160.00000238418582,9.258241896200312,2.5500000476822606
10916.0,1997,160.00000238418582,13.166666862865293,1.6500000238447683
10920.0,1997,65.00000096857548,5.000000074505807,0.025000023844768293
10927.0,1997,65.00000096857548,2.500000037252902,0.05000004768226063
10930.0,1997,160.00000238418582,2.2677139375348863,7.650000023844768
10977.0,1998,100.00000149011612,6.500000096857549,0.5250000238447683
10987.0,1998,115.00000171363355,4.63286720190223,2.4000000238447683
10994.0,1998,65.00000096857548,2.500000037252902,0.05000004768226063
10996.0,1998,130.00000193715096,16.428571673376226,0.7666666825607535
11004.0,1998,80.00000119209291,5.000000074505811,0.7750000238447683
11015.0,1998,155.00000230968,11.212121379194842,1.933333349224995
11019.0,1998,135.00000201165676,12.000000178813934,1.5166666825607535
11072.0,1999,75.00000111758709,4.000000059604644,0.30000004768226063
11073.0,1999,110.00000163912772,7.8571429742234065,1.0250000238447683
11076.0,1999,105.00000156462193,4.755244826103422,2.2750000238447683
11093.0,1999,80.00000119209291,1.4545454762198717,2.0500000476822606
11105.0,1999,75.00000111758709,1.2500000186264513,1.0500000476822606
11108.0,1999,70.00000104308128,1.9642857435558527,1.0250000238447683
11111.0,1999,70.00000104308128,12.500000186264511,0.2571428639566875
11118.0,1999,70.00000104308128,3.5000000521540633,0.30000004768226063
11124.0,1999,140.00000208616257,8.391608516653099,2.262500011922384
11127.0,1999,110.00000163912772,9.85714300402573,0.8000000476822606
11139.0,1999,65.00000096857548,2.500000037252902,0.05000004768226063
11176.0,2000,155.00000230968,8.379121003979511,2.5500000476822606
11187.0,2000,115.00000171363355,13.571428773658619,0.7750000238447683
11188.0,2000,75.00000111758709,4.000000059604646,0.5500000476822606
11199.0,2000,125.00000186264515,7.416666777183615,1.6000000158965122
11211.0,2000,140.00000208616257,9.363636503165422,2.0250000238447683
11217.0,2000,75.00000111758709,5.000000074505808,0.5250000238447683
11223.0,2000,95.00000141561031,4.045454605736517,2.0100000095335417
11228.0,2000,75.00000111758709,2.0238095539666365,1.3000000476822606
11230.0,2000,135.00000201165676,6.785714386829309,2.5500000476822606
11244.0,2000,105.00000156462193,10.571428728955135,0.8000000476822606
11249.0,2000,85.0000012665987,8.50000012665987,0.4333333492249949
11259.0,2000,110.00000163912772,10.714285873941016,0.7750000238447683
11286.0,2001,100.00000149011612,6.785714386829307,1.0500000476822606
11289.0,2001,75.00000111758709,5.000000074505808,0.5250000238447683
11290.0,2001,80.00000119209291,2.976190520539173,1.3000000476822606
11297.0,2001,85.0000012665987,1.3571428773658623,3.0500000476822606
11298.0,2001,85.0000012665987,10.500000156462194,0.3500000158965122
11300.0,2001,120.00000178813934,9.642857286546917,1.2750000238447683
11304.0,2001,90.00000134110451,1.6607143104608573,3.0500000476822606
11310.0,2001,130.00000193715096,10.166666818161806,1.5250000238447683
11315.0,2001,105.00000156462193,3.5164835688832046,2.5500000476822606
11318.0,2001,100.00000149011612,1.8782250021879392,3.825000011922384
11323.0,2001,75.00000111758709,1.7878788145202587,1.7750000238447683
11324.0,2001,100.00000149011612,3.7272727828134204,2.0500000476822606
11327.0,2001,95.00000141561031,3.234265782460048,2.2750000238447683
11333.0,2001,105.00000156462193,13.000000193715097,0.5500000476822606
11340.0,2001,90.00000134110451,4.047619107933273,1.4000000238447683
11343.0,2001,140.00000208616257,6.132353032555648,3.2750000238447683
11350.0,2001,115.00000171363355,8.166666788359487,1.5250000238447683
11362.0,2001,155.00000230968,9.423077063491709,2.3000000476822606
11364.0,2001,65.00000096857548,15.000000223517413,0.00833334128401475
11378.0,2002,140.00000208616257,4.666666736205418,4.060000009536452
11391.0,2002,140.00000208616257,10.39393954882116,1.8000000476822606
11395.0,2002,85.0000012665987,12.500000186264513,0.26666668256075354
11397.0,2002,130.00000193715096,3.298245663182777,4.025000023844768
11398.0,2002,110.00000163912772,7.250000108033417,1.5250000238447683
11400.0,2002,135.00000201165676,3.5242518585009956,3.7750000238447683
11403.0,2002,145.00000216066837,2.3522167838192343,6.6142857210943475
11407.0,2002,65.00000096857548,5.000000074505807,0.025000023844768293
11415.0,2002,135.00000201165676,6.538461635892208,2.5500000476822606
11420.0,2002,115.00000171363355,5.349650429366351,2.2750000238447683
11423.0,2002,110.00000163912772,11.571428743856288,0.8500000158965122
11441.0,2002,135.00000201165676,9.939394087502455,1.7750000238447683
11443.0,2002,70.00000104308128,2.500000037252903,0.5500000476822606
11456.0,2002,95.00000141561031,5.357142936970509,1.3000000476822606
11458.0,2002,130.00000193715096,5.107142933245215,3.0500000476822606
11488.0,2003,135.00000201165676,5.977941265548852,3.2750000238447683
11495.0,2003,115.00000171363355,7.00000010430813,1.8000000476822606
11501.0,2003,115.00000171363355,7.250000108033421,1.5500000476822606
11509.0,2003,130.00000193715096,8.696969826564644,1.7750000238447683
11510.0,2003,65.00000096857548,2.500000037252902,0.05000004768226063
11516.0,2003,110.00000163912772,4.405594471242875,2.2750000238447683
11517.0,2003,65.00000096857548,7.500000111758706,0.016666682560753543
11521.0,2003,90.00000134110451,6.7142858143363675,0.8000000476822606
11529.0,2003,125.00000186264515,5.670329754824167,2.762500011922384
11532.0,2003,150.00000223517418,9.125874261860243,2.3000000476822606
11538.0,2003,100.00000149011612,5.333333412806194,1.5500000476822606
11540.0,2003,90.00000134110451,5.428571509463447,0.9000000238447683
11552.0,2003,125.00000186264515,13.035714479961563,1.0250000238447683
11553.0,2003,130.00000193715096,8.045454665341163,2.0500000476822606
11560.0,2003,75.00000111758709,2.321428606020553,1.0500000476822606
11561.0,2003,145.00000216066837,3.7565217951069707,5.300000047682261
11588.0,2004,130.00000193715096,4.000000059604644,4.025000023844768
11592.0,2004,140.00000208616257,8.818181949582971,2.0250000238447683
11597.0,2004,100.00000149011612,4.727272797714582,1.8000000476822606
11598.0,2004,75.00000111758709,2.500000037252903,0.30000004768226063
11601.0,2004,155.00000230968,14.750000219792133,1.5250000238447683
11602.0,2004,125.00000186264515,8.00000011920929,1.8000000476822606
11603.0,2004,80.00000119209291,5.500000081956393,0.5500000476822606
11609.0,2004,115.00000171363355,14.000000208616262,0.7666666825607535
11615.0,2004,90.00000134110451,12.500000186264513,0.3500000158965122
11617.0,2004,90.00000134110451,5.357142936970505,1.0500000476822606
11622.0,2004,65.00000096857548,2.500000037252902,0.05000004768226063
11623.0,2004,155.00000230968,8.956044089499413,2.5500000476822606
11630.0,2004,125.00000186264515,6.520979118149179,2.3000000476822606
11645.0,2004,125.00000186264515,8.363636488264257,1.8000000476822606
11648.0,2004,140.00000208616257,10.27272742580284,1.7750000238447683
11653.0,2004,125.00000186264515,4.007353000890684,3.5250000238447683
11656.0,2004,110.00000163912772,1.7884615651116913,5.525000023844768
11661.0,2004,115.00000171363355,10.535714442708663,1.0500000476822606
11666.0,2004,130.00000193715096,7.132867239155134,2.2750000238447683
11678.0,2005,65.00000096857548,2.500000037252902,0.05000004768226063
11695.0,2005,80.00000119209291,7.000000104308135,0.4000000238447683
11700.0,2005,115.00000171363355,11.250000167638063,1.0250000238447683
11703.0,2005,125.00000186264515,4.945055018742006,2.5166666825607535
11714.0,2005,140.00000208616257,6.535714383104017,3.0166666825607535
11722.0,2005,90.00000134110451,2.472527509371003,2.5250000238447683
11726.0,2005,65.00000096857548,-7.500000111758706,0.05000004768226063
11730.0,2005,65.00000096857548,2.500000037252902,0.05000004768226063
11731.0,2005,125.00000186264515,13.714285918644496,0.9500000119223841
11735.0,2005,130.00000193715096,8.227272849868648,2.0500000476822606
11738.0,2005,140.00000208616257,7.709790324675033,2.2750000238447683
11740.0,2005,115.00000171363355,4.538461606089886,2.8000000476822606
11754.0,2005,90.00000134110451,7.50000011175871,0.5500000476822606
11755.0,2005,100.00000149011612,5.500000081956389,1.5500000476822606
11757.0,2005,125.00000186264515,8.583333461234968,1.6500000238447683
11767.0,2005,115.00000171363355,1.4179842108529312,5.0166666825607535
11774.0,2005,85.0000012665987,2.857142899717603,1.1500000238447683
11777.0,2005,70.00000104308128,3.5000000521540633,0.30000004768226063
11816.0,2006,130.00000193715096,7.409091019494969,2.0500000476822606
11822.0,2006,75.00000111758709,3.000000044703484,0.8000000476822606
11827.0,2006,70.00000104308128,2.5714286097458445,0.7750000238447683
11832.0,2006,140.00000208616257,5.553571511326092,3.0250000238447683
11850.0,2006,120.00000178813934,2.4385965275659887,4.050000047682261
11857.0,2006,140.00000208616257,6.120879212087325,2.8000000476822606
11868.0,2006,90.00000134110451,6.57142866935049,0.8000000476822606
11873.0,2006,140.00000208616257,14.642857361052716,1.1500000238447683
11876.0,2006,125.00000186264515,20.000000298023224,0.5250000238447683
11881.0,2006,135.00000201165676,14.285714498588016,1.0500000476822606
11904.0,2007,100.00000149011612,5.238095316148942,1.3000000476822606
11909.0,2007,130.00000193715096,7.636363750154325,2.0500000476822606
11919.0,2007,125.00000186264515,7.96969708845471,1.8000000476822606
11924.0,2007,120.00000178813934,6.346153940718905,2.262500011922384
11929.0,2007,70.00000104308128,2.5000000372529048,0.5250000238447683
11932.0,2007,140.00000208616257,8.681818311187357,2.1500000238447683
11935.0,2007,80.00000119209291,3.5714286246470066,1.0500000476822606
11939.0,2007,65.00000096857548,2.500000037252902,0.05000004768226063
11941.0,2007,125.00000186264515,13.214285911193915,1.0250000238447683
11944.0,2007,135.00000201165676,11.833333509663744,1.5125000119223841
11955.0,2007,70.00000104308128,3.5000000521540633,0.30000004768226063
11956.0,2007,130.00000193715096,6.291208884955107,2.5500000476822606
11962.0,2007,115.00000171363355,10.178571580243965,1.1000000158965122
11972.0,2007,80.00000119209291,5.000000074505811,0.7750000238447683
11973.0,2007,95.00000141561031,3.2272727753628394,2.0500000476822606
12000.0,2008,100.00000149011612,4.848484920732902,1.7666666825607535
12005.0,2008,135.00000201165676,11.250000167638063,1.5250000238447683
12008.0,2008,125.00000186264515,15.71428594844682,0.7750000238447683
12019.0,2008,90.00000134110451,10.000000149011608,0.45000001192238415
12025.0,2008,95.00000141561031,4.702381022451891,1.3000000476822606
12035.0,2008,100.00000149011612,5.500000081956388,1.5250000238447683
12045.0,2008,125.00000186264515,10.083333483586712,1.5166666825607535
12049.0,2008,125.00000186264515,6.181818273934451,2.0500000476822606
12050.0,2008,140.00000208616257,9.227272864769807,2.0250000238447683
12078.0,2008,85.0000012665987,5.571428654449328,0.8000000476822606
12104.0,2009,115.00000171363355,13.714285918644501,0.7750000238447683
12105.0,2009,90.00000134110451,4.285714349576406,0.8000000476822606
12108.0,2009,75.00000111758709,3.000000044703484,0.5500000476822606
12119.0,2009,65.00000096857548,2.500000037252902,0.05000004768226063
12125.0,2009,80.00000119209291,6.500000096857552,0.4333333492249949
12132.0,2009,120.00000178813934,5.821678408428086,2.2750000238447683
12137.0,2009,65.00000096857548,-3.14018491736755e-16,0.05000004768226063
12147.0,2009,75.00000111758709,2.500000037252905,0.2750000238447683
12148.0,2009,140.00000208616257,8.954545587978581,2.0500000476822606
12151.0,2009,90.00000134110451,8.500000126659872,0.5500000476822606
12154.0,2009,135.00000201165676,12.857143048729215,1.1000000158965122
12157.0,2009,150.00000223517418,4.411764771622767,3.4000000238447683
12161.0,2009,140.00000208616257,6.395604490906328,2.8000000476822606
12165.0,2009,90.00000134110451,7.42857153926577,0.7750000238447683
12172.0,2009,155.00000230968,16.07142881091153,1.2750000238447683
12216.0,2010,80.00000119209291,4.000000059604646,0.4000000238447683
12224.0,2010,65.00000096857548,-3.14018491736755e-16,0.05000004768226063
12229.0,2010,105.00000156462193,4.454545520923355,1.9000000238447683
12236.0,2010,65.00000096857548,7.500000111758706,0.016666682560753543
12239.0,2010,105.00000156462193,5.3636364435607735,1.8000000476822606
12241.0,2010,90.00000134110451,5.892857230667556,1.0250000238447683
12250.0,2010,160.00000238418582,6.732142957459605,3.1500000238447683
12253.0,2010,115.00000171363355,5.594405677768734,2.3000000476822606
