month,year,nino4_temp,nino4_anom,TIME
1,1951,27.39,-0.96,1951-01-01
1,1952,28.37,0.03,1952-01-01
1,1953,28.22,-0.12,1953-01-01
1,1954,28.49,0.14,1954-01-01
1,1955,27.68,-0.67,1955-01-01
1,1956,27.04,-1.3,1956-01-01
1,1957,28.01,-0.33,1957-01-01
1,1958,29.13,0.78,1958-01-01
1,1959,28.62,0.28,1959-01-01
1,1960,27.66,-0.69,1960-01-01
1,1961,28.04,-0.31,1961-01-01
1,1962,27.75,-0.6,1962-01-01
1,1963,27.69,-0.66,1963-01-01
1,1964,28.57,0.22,1964-01-01
1,1965,27.58,-0.77,1965-01-01
1,1966,28.74,0.4,1966-01-01
1,1967,27.63,-0.72,1967-01-01
1,1968,27.92,-0.43,1968-01-01
1,1969,29.11,0.76,1969-01-01
1,1970,28.56,0.21,1970-01-01
1,1971,26.86,-1.49,1971-01-01
1,1972,27.81,-0.54,1972-01-01
1,1973,29.01,0.66,1973-01-01
1,1974,26.54,-1.8,1974-01-01
1,1975,27.75,-0.6,1975-01-01
1,1976,26.93,-1.42,1976-01-01
1,1977,28.29,-0.06,1977-01-01
1,1978,28.7,0.35,1978-01-01
1,1979,28.38,0.03,1979-01-01
1,1980,28.62,0.28,1980-01-01
1,1981,28.15,-0.19,1981-01-01
1,1982,28.29,-0.06,1982-01-01
1,1983,28.75,0.4,1983-01-01
1,1984,27.69,-0.66,1984-01-01
1,1985,27.83,-0.52,1985-01-01
1,1986,28.19,-0.15,1986-01-01
1,1987,28.66,0.31,1987-01-01
1,1988,29.0,0.65,1988-01-01
1,1989,26.81,-1.54,1989-01-01
1,1990,28.55,0.2,1990-01-01
1,1991,28.91,0.57,1991-01-01
1,1992,28.97,0.63,1992-01-01
1,1993,28.75,0.41,1993-01-01
1,1994,28.55,0.21,1994-01-01
1,1995,29.13,0.78,1995-01-01
1,1996,27.97,-0.38,1996-01-01
1,1997,28.41,0.06,1997-01-01
1,1998,28.98,0.64,1998-01-01
1,1999,26.88,-1.46,1999-01-01
1,2000,27.23,-1.11,2000-01-01
1,2001,27.54,-0.81,2001-01-01
1,2002,28.75,0.4,2002-01-01
1,2003,28.97,0.62,2003-01-01
1,2004,28.85,0.5,2004-01-01
1,2005,29.28,0.93,2005-01-01
1,2006,27.94,-0.41,2006-01-01
1,2007,29.04,0.69,2007-01-01
1,2008,27.28,-1.07,2008-01-01
1,2009,27.64,-0.7,2009-01-01
1,2010,29.39,1.05,2010-01-01
2,1951,27.17,-1.03,1951-02-01
2,1952,28.12,-0.09,1952-02-01
2,1953,28.02,-0.18,1953-02-01
2,1954,28.3,0.1,1954-02-01
2,1955,27.42,-0.78,1955-02-01
2,1956,27.06,-1.14,1956-02-01
2,1957,27.99,-0.21,1957-02-01
2,1958,29.19,0.98,1958-02-01
2,1959,28.4,0.2,1959-02-01
2,1960,27.5,-0.71,1960-02-01
2,1961,27.94,-0.26,1961-02-01
2,1962,27.69,-0.51,1962-02-01
2,1963,27.69,-0.51,1963-02-01
2,1964,28.3,0.09,1964-02-01
2,1965,27.72,-0.49,1965-02-01
2,1966,28.7,0.49,1966-02-01
2,1967,27.42,-0.79,1967-02-01
2,1968,27.8,-0.4,1968-02-01
2,1969,29.11,0.9,1969-02-01
2,1970,28.54,0.33,1970-02-01
2,1971,27.05,-1.16,1971-02-01
2,1972,27.99,-0.21,1972-02-01
2,1973,28.74,0.54,1973-02-01
2,1974,26.86,-1.34,1974-02-01
2,1975,27.83,-0.38,1975-02-01
2,1976,27.21,-1.0,1976-02-01
2,1977,28.13,-0.08,1977-02-01
2,1978,28.39,0.18,1978-02-01
2,1979,28.21,0.01,1979-02-01
2,1980,28.51,0.31,1980-02-01
2,1981,27.96,-0.25,1981-02-01
2,1982,28.14,-0.07,1982-02-01
2,1983,28.61,0.41,1983-02-01
2,1984,27.67,-0.53,1984-02-01
2,1985,27.61,-0.59,1985-02-01
2,1986,28.03,-0.17,1986-02-01
2,1987,28.72,0.52,1987-02-01
2,1988,28.68,0.47,1988-02-01
2,1989,26.9,-1.3,1989-02-01
2,1990,28.6,0.4,1990-02-01
2,1991,28.74,0.53,1991-02-01
2,1992,29.02,0.82,1992-02-01
2,1993,28.42,0.22,1993-02-01
2,1994,28.24,0.04,1994-02-01
2,1995,29.02,0.81,1995-02-01
2,1996,27.81,-0.39,1996-02-01
2,1997,28.45,0.25,1997-02-01
2,1998,28.86,0.66,1998-02-01
2,1999,26.86,-1.34,1999-02-01
2,2000,26.98,-1.22,2000-02-01
2,2001,27.52,-0.68,2001-02-01
2,2002,28.7,0.5,2002-02-01
2,2003,28.89,0.68,2003-02-01
2,2004,28.66,0.46,2004-02-01
2,2005,28.95,0.74,2005-02-01
2,2006,27.65,-0.56,2006-02-01
2,2007,28.77,0.56,2007-02-01
2,2008,26.94,-1.26,2008-02-01
2,2009,27.63,-0.58,2009-02-01
2,2010,29.07,0.87,2010-02-01
3,1951,27.85,-0.46,1951-03-01
3,1952,28.15,-0.17,1952-03-01
3,1953,28.1,-0.22,1953-03-01
3,1954,28.04,-0.28,1954-03-01
3,1955,27.61,-0.71,1955-03-01
3,1956,27.37,-0.95,1956-03-01
3,1957,28.12,-0.2,1957-03-01
3,1958,29.1,0.78,1958-03-01
3,1959,28.35,0.03,1959-03-01
3,1960,27.74,-0.58,1960-03-01
3,1961,27.91,-0.41,1961-03-01
3,1962,27.97,-0.34,1962-03-01
3,1963,28.04,-0.28,1963-03-01
3,1964,28.0,-0.32,1964-03-01
3,1965,27.9,-0.42,1965-03-01
3,1966,29.07,0.75,1966-03-01
3,1967,27.86,-0.46,1967-03-01
3,1968,27.94,-0.38,1968-03-01
3,1969,28.86,0.54,1969-03-01
3,1970,28.46,0.14,1970-03-01
3,1971,27.24,-1.08,1971-03-01
3,1972,28.22,-0.1,1972-03-01
3,1973,28.49,0.17,1973-03-01
3,1974,27.25,-1.07,1974-03-01
3,1975,27.74,-0.58,1975-03-01
3,1976,27.55,-0.77,1976-03-01
3,1977,28.22,-0.1,1977-03-01
3,1978,28.19,-0.13,1978-03-01
3,1979,28.27,-0.05,1979-03-01
3,1980,28.49,0.17,1980-03-01
3,1981,28.09,-0.23,1981-03-01
3,1982,28.44,0.12,1982-03-01
3,1983,28.58,0.26,1983-03-01
3,1984,27.67,-0.65,1984-03-01
3,1985,27.58,-0.74,1985-03-01
3,1986,28.19,-0.13,1986-03-01
3,1987,28.85,0.53,1987-03-01
3,1988,28.51,0.19,1988-03-01
3,1989,27.35,-0.97,1989-03-01
3,1990,28.68,0.36,1990-03-01
3,1991,28.72,0.4,1991-03-01
3,1992,28.95,0.63,1992-03-01
3,1993,28.49,0.18,1993-03-01
3,1994,28.52,0.2,1994-03-01
3,1995,29.07,0.75,1995-03-01
3,1996,28.04,-0.28,1996-03-01
3,1997,28.64,0.32,1997-03-01
3,1998,28.65,0.33,1998-03-01
3,1999,27.3,-1.02,1999-03-01
3,2000,27.08,-1.24,2000-03-01
3,2001,27.82,-0.5,2001-03-01
3,2002,28.7,0.38,2002-03-01
3,2003,28.96,0.64,2003-03-01
3,2004,28.57,0.25,2004-03-01
3,2005,29.0,0.68,2005-03-01
3,2006,27.89,-0.43,2006-03-01
3,2007,28.81,0.49,2007-03-01
3,2008,27.3,-1.02,2008-03-01
3,2009,27.98,-0.34,2009-03-01
3,2010,29.14,0.82,2010-03-01
4,1951,28.43,-0.15,1951-04-01
4,1952,28.58,-0.01,1952-04-01
4,1953,28.51,-0.07,1953-04-01
4,1954,28.19,-0.4,1954-04-01
4,1955,27.79,-0.79,1955-04-01
4,1956,27.73,-0.85,1956-04-01
4,1957,28.65,0.07,1957-04-01
4,1958,29.04,0.46,1958-04-01
4,1959,28.72,0.13,1959-04-01
4,1960,28.08,-0.5,1960-04-01
4,1961,28.03,-0.56,1961-04-01
4,1962,28.21,-0.37,1962-04-01
4,1963,28.34,-0.25,1963-04-01
4,1964,28.28,-0.31,1964-04-01
4,1965,28.0,-0.58,1965-04-01
4,1966,28.8,0.21,1966-04-01
4,1967,28.36,-0.23,1967-04-01
4,1968,28.22,-0.37,1968-04-01
4,1969,28.92,0.33,1969-04-01
4,1970,28.72,0.14,1970-04-01
4,1971,27.56,-1.03,1971-04-01
4,1972,28.76,0.17,1972-04-01
4,1973,28.45,-0.13,1973-04-01
4,1974,27.46,-1.13,1974-04-01
4,1975,27.88,-0.71,1975-04-01
4,1976,28.06,-0.53,1976-04-01
4,1977,28.59,0.0,1977-04-01
4,1978,28.15,-0.43,1978-04-01
4,1979,28.51,-0.07,1979-04-01
4,1980,28.78,0.2,1980-04-01
4,1981,28.2,-0.38,1981-04-01
4,1982,28.95,0.36,1982-04-01
4,1983,28.72,0.13,1983-04-01
4,1984,27.9,-0.68,1984-04-01
4,1985,27.81,-0.78,1985-04-01
4,1986,28.34,-0.24,1986-04-01
4,1987,28.98,0.39,1987-04-01
4,1988,28.44,-0.15,1988-04-01
4,1989,27.83,-0.75,1989-04-01
4,1990,28.79,0.2,1990-04-01
4,1991,29.04,0.45,1991-04-01
4,1992,29.14,0.56,1992-04-01
4,1993,28.79,0.21,1993-04-01
4,1994,28.84,0.25,1994-04-01
4,1995,29.13,0.55,1995-04-01
4,1996,28.26,-0.32,1996-04-01
4,1997,29.31,0.73,1997-04-01
4,1998,28.59,0.0,1998-04-01
4,1999,27.76,-0.82,1999-04-01
4,2000,27.52,-1.06,2000-04-01
4,2001,28.25,-0.33,2001-04-01
4,2002,29.14,0.56,2002-04-01
4,2003,29.06,0.48,2003-04-01
4,2004,28.76,0.18,2004-04-01
4,2005,29.07,0.49,2005-04-01
4,2006,28.42,-0.16,2006-04-01
4,2007,28.88,0.29,2007-04-01
4,2008,27.76,-0.83,2008-04-01
4,2009,28.56,-0.03,2009-04-01
4,2010,29.29,0.71,2010-04-01
5,1951,29.09,0.2,1951-05-01
5,1952,28.76,-0.13,1952-05-01
5,1953,28.91,0.02,1953-05-01
5,1954,28.43,-0.45,1954-05-01
5,1955,28.22,-0.67,1955-05-01
5,1956,28.01,-0.88,1956-05-01
5,1957,29.05,0.16,1957-05-01
5,1958,29.16,0.27,1958-05-01
5,1959,28.79,-0.1,1959-05-01
5,1960,28.51,-0.37,1960-05-01
5,1961,28.39,-0.5,1961-05-01
5,1962,28.31,-0.57,1962-05-01
5,1963,28.53,-0.35,1963-05-01
5,1964,28.48,-0.4,1964-05-01
5,1965,28.66,-0.23,1965-05-01
5,1966,28.97,0.09,1966-05-01
5,1967,28.67,-0.22,1967-05-01
5,1968,28.34,-0.54,1968-05-01
5,1969,29.06,0.17,1969-05-01
5,1970,28.93,0.04,1970-05-01
5,1971,27.89,-1.0,1971-05-01
5,1972,29.15,0.27,1972-05-01
5,1973,28.44,-0.44,1973-05-01
5,1974,27.77,-1.11,1974-05-01
5,1975,28.08,-0.8,1975-05-01
5,1976,28.32,-0.56,1976-05-01
5,1977,28.76,-0.13,1977-05-01
5,1978,28.68,-0.2,1978-05-01
5,1979,28.76,-0.13,1979-05-01
5,1980,29.16,0.28,1980-05-01
5,1981,28.43,-0.45,1981-05-01
5,1982,29.3,0.41,1982-05-01
5,1983,29.09,0.21,1983-05-01
5,1984,28.25,-0.64,1984-05-01
5,1985,28.09,-0.79,1985-05-01
5,1986,28.73,-0.15,1986-05-01
5,1987,29.3,0.41,1987-05-01
5,1988,28.4,-0.48,1988-05-01
5,1989,28.36,-0.53,1989-05-01
5,1990,28.95,0.07,1990-05-01
5,1991,29.42,0.53,1991-05-01
5,1992,29.34,0.45,1992-05-01
5,1993,29.08,0.19,1993-05-01
5,1994,29.17,0.29,1994-05-01
5,1995,29.36,0.48,1995-05-01
5,1996,28.62,-0.27,1996-05-01
5,1997,29.51,0.62,1997-05-01
5,1998,28.9,0.01,1998-05-01
5,1999,28.2,-0.69,1999-05-01
5,2000,27.99,-0.89,2000-05-01
5,2001,28.7,-0.18,2001-05-01
5,2002,29.61,0.73,2002-05-01
5,2003,29.04,0.15,2003-05-01
5,2004,29.14,0.26,2004-05-01
5,2005,29.25,0.36,2005-05-01
5,2006,28.96,0.07,2006-05-01
5,2007,29.04,0.15,2007-05-01
5,2008,28.09,-0.79,2008-05-01
5,2009,29.01,0.12,2009-05-01
5,2010,29.23,0.34,2010-05-01
6,1951,29.04,0.14,1951-06-01
6,1952,28.55,-0.34,1952-06-01
6,1953,29.13,0.24,1953-06-01
6,1954,28.37,-0.53,1954-06-01
6,1955,28.29,-0.6,1955-06-01
6,1956,28.14,-0.75,1956-06-01
6,1957,28.7,-0.2,1957-06-01
6,1958,29.12,0.22,1958-06-01
6,1959,28.47,-0.42,1959-06-01
6,1960,28.39,-0.51,1960-06-01
6,1961,28.71,-0.19,1961-06-01
6,1962,28.45,-0.45,1962-06-01
6,1963,28.44,-0.46,1963-06-01
6,1964,28.21,-0.69,1964-06-01
6,1965,28.98,0.09,1965-06-01
6,1966,29.05,0.15,1966-06-01
6,1967,28.58,-0.31,1967-06-01
6,1968,28.81,-0.08,1968-06-01
6,1969,28.92,0.02,1969-06-01
6,1970,28.82,-0.07,1970-06-01
6,1971,28.01,-0.88,1971-06-01
6,1972,29.13,0.23,1972-06-01
6,1973,28.27,-0.63,1973-06-01
6,1974,27.89,-1.01,1974-06-01
6,1975,27.85,-1.04,1975-06-01
6,1976,28.33,-0.56,1976-06-01
6,1977,28.87,-0.02,1977-06-01
6,1978,28.54,-0.36,1978-06-01
6,1979,28.74,-0.15,1979-06-01
6,1980,29.1,0.21,1980-06-01
6,1981,28.44,-0.45,1981-06-01
6,1982,29.37,0.47,1982-06-01
6,1983,28.95,0.06,1983-06-01
6,1984,28.34,-0.56,1984-06-01
6,1985,28.11,-0.79,1985-06-01
6,1986,28.84,-0.05,1986-06-01
6,1987,29.49,0.6,1987-06-01
6,1988,28.2,-0.69,1988-06-01
6,1989,28.16,-0.74,1989-06-01
6,1990,28.98,0.08,1990-06-01
6,1991,29.4,0.5,1991-06-01
6,1992,29.25,0.36,1992-06-01
6,1993,29.12,0.23,1993-06-01
6,1994,29.27,0.38,1994-06-01
6,1995,29.16,0.26,1995-06-01
6,1996,28.7,-0.19,1996-06-01
6,1997,29.35,0.46,1997-06-01
6,1998,28.63,-0.26,1998-06-01
6,1999,28.2,-0.7,1999-06-01
6,2000,28.25,-0.64,2000-06-01
6,2001,29.0,0.11,2001-06-01
6,2002,29.63,0.73,2002-06-01
6,2003,29.18,0.29,2003-06-01
6,2004,29.22,0.33,2004-06-01
6,2005,29.18,0.29,2005-06-01
6,2006,29.21,0.31,2006-06-01
6,2007,29.0,0.11,2007-06-01
6,2008,28.12,-0.78,2008-06-01
6,2009,29.23,0.34,2009-06-01
6,2010,28.85,-0.04,2010-06-01
7,1951,28.76,-0.09,1951-07-01
7,1952,28.25,-0.59,1952-07-01
7,1953,28.97,0.13,1953-07-01
7,1954,28.02,-0.83,1954-07-01
7,1955,28.15,-0.7,1955-07-01
7,1956,27.96,-0.88,1956-07-01
7,1957,28.5,-0.34,1957-07-01
7,1958,28.86,0.02,1958-07-01
7,1959,28.43,-0.42,1959-07-01
7,1960,28.22,-0.63,1960-07-01
7,1961,28.34,-0.5,1961-07-01
7,1962,28.26,-0.58,1962-07-01
7,1963,28.63,-0.22,1963-07-01
7,1964,27.96,-0.89,1964-07-01
7,1965,28.93,0.09,1965-07-01
7,1966,29.01,0.17,1966-07-01
7,1967,28.5,-0.34,1967-07-01
7,1968,28.59,-0.25,1968-07-01
7,1969,28.68,-0.17,1969-07-01
7,1970,28.72,-0.12,1970-07-01
7,1971,27.84,-1.0,1971-07-01
7,1972,29.0,0.16,1972-07-01
7,1973,28.05,-0.8,1973-07-01
7,1974,27.89,-0.96,1974-07-01
7,1975,27.62,-1.23,1975-07-01
7,1976,28.35,-0.49,1976-07-01
7,1977,29.01,0.17,1977-07-01
7,1978,28.36,-0.48,1978-07-01
7,1979,28.67,-0.18,1979-07-01
7,1980,28.97,0.12,1980-07-01
7,1981,28.29,-0.55,1981-07-01
7,1982,29.01,0.17,1982-07-01
7,1983,28.69,-0.16,1983-07-01
7,1984,28.34,-0.51,1984-07-01
7,1985,28.4,-0.45,1985-07-01
7,1986,28.86,0.02,1986-07-01
7,1987,29.4,0.56,1987-07-01
7,1988,28.08,-0.76,1988-07-01
7,1989,28.19,-0.65,1989-07-01
7,1990,29.07,0.23,1990-07-01
7,1991,29.42,0.57,1991-07-01
7,1992,29.25,0.41,1992-07-01
7,1993,29.07,0.22,1993-07-01
7,1994,29.42,0.58,1994-07-01
7,1995,28.97,0.13,1995-07-01
7,1996,28.6,-0.24,1996-07-01
7,1997,29.46,0.61,1997-07-01
7,1998,28.42,-0.42,1998-07-01
7,1999,28.02,-0.83,1999-07-01
7,2000,28.38,-0.46,2000-07-01
7,2001,29.13,0.28,2001-07-01
7,2002,29.61,0.77,2002-07-01
7,2003,29.18,0.33,2003-07-01
7,2004,29.33,0.49,2004-07-01
7,2005,28.89,0.05,2005-07-01
7,2006,29.2,0.36,2006-07-01
7,2007,28.89,0.04,2007-07-01
7,2008,28.16,-0.69,2008-07-01
7,2009,29.25,0.41,2009-07-01
7,2010,28.34,-0.5,2010-07-01
8,1951,28.24,-0.52,1951-08-01
8,1952,27.97,-0.8,1952-08-01
8,1953,28.89,0.12,1953-08-01
8,1954,27.7,-1.06,1954-08-01
8,1955,27.74,-1.02,1955-08-01
8,1956,27.54,-1.22,1956-08-01
8,1957,28.74,-0.03,1957-08-01
8,1958,28.77,0.01,1958-08-01
8,1959,28.4,-0.36,1959-08-01
8,1960,28.15,-0.61,1960-08-01
8,1961,28.14,-0.62,1961-08-01
8,1962,28.1,-0.67,1962-08-01
8,1963,28.83,0.07,1963-08-01
8,1964,27.66,-1.11,1964-08-01
8,1965,29.05,0.28,1965-08-01
8,1966,28.65,-0.11,1966-08-01
8,1967,28.31,-0.45,1967-08-01
8,1968,28.6,-0.17,1968-08-01
8,1969,28.78,0.01,1969-08-01
8,1970,28.22,-0.54,1970-08-01
8,1971,27.68,-1.09,1971-08-01
8,1972,28.78,0.02,1972-08-01
8,1973,27.74,-1.02,1973-08-01
8,1974,28.05,-0.72,1974-08-01
8,1975,27.32,-1.45,1975-08-01
8,1976,28.42,-0.35,1976-08-01
8,1977,28.86,0.1,1977-08-01
8,1978,28.17,-0.59,1978-08-01
8,1979,28.49,-0.28,1979-08-01
8,1980,28.56,-0.21,1980-08-01
8,1981,28.15,-0.61,1981-08-01
8,1982,28.9,0.13,1982-08-01
8,1983,28.46,-0.31,1983-08-01
8,1984,28.24,-0.53,1984-08-01
8,1985,28.36,-0.4,1985-08-01
8,1986,29.01,0.24,1986-08-01
8,1987,29.34,0.57,1987-08-01
8,1988,28.25,-0.52,1988-08-01
8,1989,28.15,-0.61,1989-08-01
8,1990,29.09,0.32,1990-08-01
8,1991,29.31,0.54,1991-08-01
8,1992,29.05,0.29,1992-08-01
8,1993,28.96,0.19,1993-08-01
8,1994,29.52,0.76,1994-08-01
8,1995,28.69,-0.07,1995-08-01
8,1996,28.63,-0.14,1996-08-01
8,1997,29.35,0.59,1997-08-01
8,1998,28.1,-0.67,1998-08-01
8,1999,27.96,-0.8,1999-08-01
8,2000,28.3,-0.47,2000-08-01
8,2001,29.05,0.29,2001-08-01
8,2002,29.48,0.71,2002-08-01
8,2003,29.08,0.32,2003-08-01
8,2004,29.37,0.6,2004-08-01
8,2005,28.93,0.17,2005-08-01
8,2006,29.25,0.49,2006-08-01
8,2007,28.65,-0.11,2007-08-01
8,2008,28.19,-0.58,2008-08-01
8,2009,29.33,0.57,2009-08-01
8,2010,27.78,-0.98,2010-08-01
9,1951,28.44,-0.34,1951-09-01
9,1952,28.33,-0.45,1952-09-01
9,1953,28.64,-0.15,1953-09-01
9,1954,27.58,-1.21,1954-09-01
9,1955,27.89,-0.89,1955-09-01
9,1956,27.54,-1.25,1956-09-01
9,1957,28.87,0.09,1957-09-01
9,1958,28.73,-0.06,1958-09-01
9,1959,28.39,-0.39,1959-09-01
9,1960,28.22,-0.56,1960-09-01
9,1961,28.18,-0.61,1961-09-01
9,1962,28.11,-0.67,1962-09-01
9,1963,29.07,0.28,1963-09-01
9,1964,27.29,-1.5,1964-09-01
9,1965,29.01,0.22,1965-09-01
9,1966,28.7,-0.08,1966-09-01
9,1967,28.23,-0.56,1967-09-01
9,1968,28.6,-0.18,1968-09-01
9,1969,29.02,0.23,1969-09-01
9,1970,27.91,-0.88,1970-09-01
9,1971,27.51,-1.27,1971-09-01
9,1972,28.95,0.17,1972-09-01
9,1973,27.56,-1.22,1973-09-01
9,1974,27.83,-0.95,1974-09-01
9,1975,26.95,-1.84,1975-09-01
9,1976,28.47,-0.31,1976-09-01
9,1977,29.03,0.25,1977-09-01
9,1978,28.3,-0.49,1978-09-01
9,1979,28.66,-0.12,1979-09-01
9,1980,28.58,-0.21,1980-09-01
9,1981,28.35,-0.43,1981-09-01
9,1982,29.05,0.27,1982-09-01
9,1983,28.22,-0.57,1983-09-01
9,1984,28.39,-0.39,1984-09-01
9,1985,28.32,-0.46,1985-09-01
9,1986,29.09,0.31,1986-09-01
9,1987,29.53,0.74,1987-09-01
9,1988,28.06,-0.72,1988-09-01
9,1989,28.38,-0.41,1989-09-01
9,1990,29.06,0.28,1990-09-01
9,1991,29.23,0.45,1991-09-01
9,1992,28.91,0.13,1992-09-01
9,1993,29.07,0.29,1993-09-01
9,1994,29.36,0.58,1994-09-01
9,1995,28.53,-0.26,1995-09-01
9,1996,28.55,-0.24,1996-09-01
9,1997,29.46,0.68,1997-09-01
9,1998,28.1,-0.69,1998-09-01
9,1999,28.06,-0.73,1999-09-01
9,2000,28.37,-0.41,2000-09-01
9,2001,29.16,0.37,2001-09-01
9,2002,29.43,0.65,2002-09-01
9,2003,29.13,0.35,2003-09-01
9,2004,29.54,0.75,2004-09-01
9,2005,29.01,0.22,2005-09-01
9,2006,29.44,0.65,2006-09-01
9,2007,28.38,-0.41,2007-09-01
9,2008,28.25,-0.54,2008-09-01
9,2009,29.5,0.72,2009-09-01
9,2010,27.6,-1.18,2010-09-01
10,1951,28.5,-0.27,1951-10-01
10,1952,28.17,-0.61,1952-10-01
10,1953,28.72,-0.06,1953-10-01
10,1954,27.48,-1.29,1954-10-01
10,1955,27.33,-1.45,1955-10-01
10,1956,27.81,-0.96,1956-10-01
10,1957,29.05,0.28,1957-10-01
10,1958,28.86,0.09,1958-10-01
10,1959,28.4,-0.37,1959-10-01
10,1960,28.37,-0.4,1960-10-01
10,1961,27.96,-0.81,1961-10-01
10,1962,28.1,-0.68,1962-10-01
10,1963,29.14,0.37,1963-10-01
10,1964,27.39,-1.39,1964-10-01
10,1965,29.24,0.47,1965-10-01
10,1966,28.66,-0.11,1966-10-01
10,1967,28.36,-0.41,1967-10-01
10,1968,28.71,-0.07,1968-10-01
10,1969,29.18,0.4,1969-10-01
10,1970,27.84,-0.93,1970-10-01
10,1971,27.67,-1.11,1971-10-01
10,1972,29.15,0.37,1972-10-01
10,1973,27.28,-1.49,1973-10-01
10,1974,27.68,-1.09,1974-10-01
10,1975,26.88,-1.89,1975-10-01
10,1976,28.9,0.13,1976-10-01
10,1977,29.02,0.24,1977-10-01
10,1978,28.24,-0.53,1978-10-01
10,1979,28.73,-0.05,1979-10-01
10,1980,28.76,-0.02,1980-10-01
10,1981,28.49,-0.28,1981-10-01
10,1982,29.34,0.56,1982-10-01
10,1983,28.05,-0.73,1983-10-01
10,1984,28.21,-0.56,1984-10-01
10,1985,28.51,-0.26,1985-10-01
10,1986,29.14,0.36,1986-10-01
10,1987,29.6,0.82,1987-10-01
10,1988,27.31,-1.46,1988-10-01
10,1989,28.42,-0.36,1989-10-01
10,1990,29.2,0.43,1990-10-01
10,1991,29.48,0.71,1991-10-01
10,1992,28.83,0.05,1992-10-01
10,1993,28.84,0.06,1993-10-01
10,1994,29.47,0.7,1994-10-01
10,1995,28.48,-0.29,1995-10-01
10,1996,28.56,-0.21,1996-10-01
10,1997,29.43,0.65,1997-10-01
10,1998,27.7,-1.07,1998-10-01
10,1999,28.04,-0.73,1999-10-01
10,2000,28.27,-0.5,2000-10-01
10,2001,29.12,0.34,2001-10-01
10,2002,29.51,0.74,2002-10-01
10,2003,29.29,0.52,2003-10-01
10,2004,29.58,0.81,2004-10-01
10,2005,29.02,0.24,2005-10-01
10,2006,29.48,0.7,2006-10-01
10,2007,28.23,-0.54,2007-10-01
10,2008,28.31,-0.46,2008-10-01
10,2009,29.78,1.0,2009-10-01
10,2010,27.54,-1.23,2010-10-01
11,1951,28.68,-0.03,1951-11-01
11,1952,28.39,-0.31,1952-11-01
11,1953,28.73,0.02,1953-11-01
11,1954,27.84,-0.86,1954-11-01
11,1955,26.93,-1.77,1955-11-01
11,1956,28.02,-0.68,1956-11-01
11,1957,29.03,0.32,1957-11-01
11,1958,28.8,0.09,1958-11-01
11,1959,28.18,-0.52,1959-11-01
11,1960,28.5,-0.2,1960-11-01
11,1961,28.15,-0.56,1961-11-01
11,1962,28.1,-0.6,1962-11-01
11,1963,28.91,0.21,1963-11-01
11,1964,27.23,-1.47,1964-11-01
11,1965,29.2,0.5,1965-11-01
11,1966,28.68,-0.02,1966-11-01
11,1967,28.35,-0.35,1967-11-01
11,1968,29.03,0.33,1968-11-01
11,1969,29.09,0.39,1969-11-01
11,1970,27.81,-0.89,1970-11-01
11,1971,27.88,-0.82,1971-11-01
11,1972,29.26,0.56,1972-11-01
11,1973,27.0,-1.7,1973-11-01
11,1974,27.67,-1.04,1974-11-01
11,1975,26.9,-1.8,1975-11-01
11,1976,28.86,0.15,1976-11-01
11,1977,29.0,0.3,1977-11-01
11,1978,28.39,-0.32,1978-11-01
11,1979,28.91,0.21,1979-11-01
11,1980,28.69,-0.02,1980-11-01
11,1981,28.51,-0.19,1981-11-01
11,1982,29.22,0.52,1982-11-01
11,1983,27.94,-0.76,1983-11-01
11,1984,27.96,-0.75,1984-11-01
11,1985,28.51,-0.2,1985-11-01
11,1986,29.19,0.49,1986-11-01
11,1987,29.59,0.88,1987-11-01
11,1988,27.15,-1.55,1988-11-01
11,1989,28.3,-0.41,1989-11-01
11,1990,29.16,0.46,1990-11-01
11,1991,29.43,0.72,1991-11-01
11,1992,28.8,0.09,1992-11-01
11,1993,28.92,0.22,1993-11-01
11,1994,29.55,0.84,1994-11-01
11,1995,28.32,-0.39,1995-11-01
11,1996,28.59,-0.12,1996-11-01
11,1997,29.44,0.73,1997-11-01
11,1998,27.51,-1.2,1998-11-01
11,1999,27.72,-0.99,1999-11-01
11,2000,28.09,-0.62,2000-11-01
11,2001,28.92,0.22,2001-11-01
11,2002,29.66,0.96,2002-11-01
11,2003,29.24,0.54,2003-11-01
11,2004,29.56,0.86,2004-11-01
11,2005,28.69,-0.01,2005-11-01
11,2006,29.59,0.88,2006-11-01
11,2007,28.0,-0.71,2007-11-01
11,2008,28.16,-0.54,2008-11-01
11,2009,29.87,1.17,2009-11-01
11,2010,27.54,-1.16,2010-11-01
12,1951,28.52,-0.05,1951-12-01
12,1952,28.34,-0.23,1952-12-01
12,1953,28.8,0.23,1953-12-01
12,1954,27.71,-0.87,1954-12-01
12,1955,27.23,-1.35,1955-12-01
12,1956,28.09,-0.49,1956-12-01
12,1957,28.98,0.4,1957-12-01
12,1958,28.86,0.29,1958-12-01
12,1959,28.1,-0.47,1959-12-01
12,1960,28.41,-0.16,1960-12-01
12,1961,28.1,-0.47,1961-12-01
12,1962,27.9,-0.67,1962-12-01
12,1963,28.66,0.08,1963-12-01
12,1964,27.27,-1.3,1964-12-01
12,1965,29.01,0.43,1965-12-01
12,1966,28.38,-0.2,1966-12-01
12,1967,28.26,-0.31,1967-12-01
12,1968,29.0,0.42,1968-12-01
12,1969,28.81,0.23,1969-12-01
12,1970,27.22,-1.36,1970-12-01
12,1971,27.97,-0.61,1971-12-01
12,1972,29.22,0.65,1972-12-01
12,1973,26.71,-1.86,1973-12-01
12,1974,27.58,-0.99,1974-12-01
12,1975,26.83,-1.74,1975-12-01
12,1976,28.44,-0.14,1976-12-01
12,1977,29.0,0.42,1977-12-01
12,1978,28.42,-0.15,1978-12-01
12,1979,28.75,0.17,1979-12-01
12,1980,28.51,-0.07,1980-12-01
12,1981,28.46,-0.12,1981-12-01
12,1982,29.09,0.52,1982-12-01
12,1983,27.88,-0.69,1983-12-01
12,1984,27.82,-0.75,1984-12-01
12,1985,28.48,-0.09,1985-12-01
12,1986,28.97,0.39,1986-12-01
12,1987,29.37,0.8,1987-12-01
12,1988,27.06,-1.52,1988-12-01
12,1989,28.55,-0.03,1989-12-01
12,1990,29.12,0.55,1990-12-01
12,1991,29.33,0.76,1991-12-01
12,1992,28.81,0.24,1992-12-01
12,1993,28.82,0.25,1993-12-01
12,1994,29.51,0.93,1994-12-01
12,1995,28.17,-0.41,1995-12-01
12,1996,28.54,-0.04,1996-12-01
12,1997,29.23,0.66,1997-12-01
12,1998,27.24,-1.34,1998-12-01
12,1999,27.43,-1.15,1999-12-01
12,2000,27.8,-0.78,2000-12-01
12,2001,28.71,0.13,2001-12-01
12,2002,29.47,0.89,2002-12-01
12,2003,29.1,0.53,2003-12-01
12,2004,29.51,0.93,2004-12-01
12,2005,28.36,-0.22,2005-12-01
12,2006,29.46,0.89,2006-12-01
12,2007,27.81,-0.77,2007-12-01
12,2008,27.96,-0.62,2008-12-01
12,2009,29.72,1.15,2009-12-01
12,2010,27.47,-1.1,2010-12-01
